公司全名,公司简称,公司规模,融资阶段,区域,职位名称,工作经验,学历要求,工资,职位福利
武汉佰钧成技术有限责任公司,武汉佰钧成技术有限公司,2000人以上,不需要融资,江夏区,Python,不限,本科,5k-8k,"平台好,六险一金"
安徽百得思维信息科技有限公司,百得思维,500-2000人,未融资,洪山区,python开发工程师,1-3年,本科,8k-12k,"平台大,环境好"
武汉安天信息技术有限责任公司,武汉安天,150-500人,未融资,东湖新技术开发区,python开发工程师,1-3年,本科,8k-14k,"五险一金,试用不打折,免费班车,员工旅游"
北京好巧国际旅行社有限公司,好巧,150-500人,B轮,东湖新技术开发区,Python开发工程师,3-5年,本科,8k-15k,"弹性工作,百万医疗,10天年假,高速增长"
湖北百旺金赋科技有限公司,百旺金赋,150-500人,不需要融资,东湖新技术开发区,Python开发,1-3年,本科,6k-10k,"双休,五险一金,14薪,免费班车"
武汉极意网络科技有限公司,极验,50-150人,B轮,东湖新技术开发区,Python（极验验证）,3-5年,不限,9k-18k,双休+弹性工作制+五险一金+餐补
北京神州绿盟信息安全科技股份有限公司,绿盟科技,500-2000人,上市公司,洪山区,python开发工程师,1-3年,本科,15k-25k,年终奖，丰厚补贴，弹性工作，平台好
武汉虹旭信息技术有限责任公司,烽火科技&middot;虹旭信息技术有限公司,150-500人,不需要融资,江夏区,PYTHON开发工程师,1-3年,本科,6k-12k,"央企背景,职业通道,行业前景广,福利完善"
武汉小果科技有限公司,森果,50-150人,天使轮,洪山区,Python开发工程师,1-3年,本科,9k-15k,"技术大牛,团队氛围好,明星团队"
北京旷视科技有限公司,Face++,500-2000人,C轮,江夏区,Python/Golang后端,1-3年,本科,15k-25k,"大牛多,平台大,福利好"
北京联龙博通电子商务技术有限公司,联龙博通,2000人以上,D轮及以上,洪山区,python工程师,3-5年,本科,8k-15k,"pytho,java,nomys,redis"
湖北盛天网络技术股份有限公司,盛天网络,500-2000人,上市公司,东湖新技术开发区,python开发工程师,1-3年,本科,10k-20k,"平台大,上市公司"
武汉卓翰网络科技有限公司,卓翰科技,50-150人,A轮,洪山区,Python研发工程师,1-3年,本科,12k-24k,技术实力强 团队氛围佳
武汉朱雀闻天科技有限公司,朱雀闻天,15-50人,未融资,东湖新技术开发区,Python开发工程师,不限,本科,10k-20k,"教育大数据,数学建模,数据超市,深度学习"
京北方信息技术股份有限公司武汉分公司,京北方,2000人以上,上市公司,东湖新技术开发区,python开发,3-5年,本科,9k-18k,"带薪年假,五险一金,年终奖金,调薪机制"
武汉小果科技有限公司,森果,50-150人,天使轮,洪山区,高级Python开发工程师,3-5年,本科,15k-20k,"技术大牛,团队氛围好,明星团队"
武汉佰钧成技术有限责任公司,武汉佰钧成技术有限公司,2000人以上,不需要融资,东湖新技术开发区,Python,3-5年,大专,15k-30k,"牛人团队,薪资高,福利好"
武汉诸相网络科技有限公司,武汉诸相网络,50-150人,天使轮,江夏区,python,3-5年,大专,8k-15k,五险一金，周末双休，弹性工作
北京优帆科技有限公司,青云,150-500人,D轮及以上,东湖新技术开发区,Python工程师,3-5年,本科,12k-24k,"六险一金,弹性工时,员工体检,年终奖"
行吟信息科技（上海）有限公司,小红书,500-2000人,D轮及以上,东湖新技术开发区,Python开发工程师,1-3年,本科,15k-30k,"六险一金,年底多薪"
智线云科技（北京）有限公司,ZingFront智线,50-150人,A轮,洪山区,Python 中级工程师,3-5年,本科,10k-15k,带薪年假+福利多+办公环境好+氛围自由开放
武汉研众科技有限公司,研众科技,少于15人,天使轮,洪山区,Python,1-3年,本科,5k-10k,"免费午餐,不打卡,寝室氛围,奖金"
百川通联（北京）网络技术有限公司,百川通联,50-150人,A轮,洪山区,Java/Python开发工程师,1年以下,本科,9k-15k,"双休,五险一金,年终奖,季度个人奖"
武汉从心信息科技有限公司,从心,15-50人,天使轮,东湖新技术开发区,Python研发工程师,3-5年,本科,15k-25k,"扁平化,不打卡,带薪年假"
深圳市编玩边学教育科技有限公司,编玩边学,150-500人,B轮,东湖新技术开发区,Python编程老师实习生,应届毕业生,本科,2k-4k,"实习,兼职,时间灵活,提供转正"
武汉莱博信息技术有限公司,莱博科技,50-150人,不需要融资,东湖新技术开发区,python开发工程师（实习职位）,应届毕业生,大专,1k-2k,"扁平化管理,五险一金,带薪年假,年度旅游"
北京奇安信科技有限公司,360企业安全,2000人以上,不需要融资,东湖新技术开发区,python开发工程师（武汉）,3-5年,本科,15k-30k,"知名大厂,技术氛围浓,技术大牛多,技术成长快"
河南省现代农业大数据产业技术研究院有限公司,河南省农业大数据研究院,15-50人,B轮,东湖新技术开发区,Python高级工程师,不限,不限,10k-20k,"高薪诚聘,高精尖团队,领导易相处,初创型公司"
北京旷视科技有限公司,Face++,500-2000人,C轮,东湖新技术开发区,后端开发工程师（Python/GO）-武汉,3-5年,本科,15k-25k,"核心团队,人工智能,平台开发,氛围融洽"
武汉皮皮外语网络科技有限公司,皮皮外语,15-50人,未融资,东湖新技术开发区,Python后端高级开发工程师,5-10年,本科,10k-15k,"早九晚六,弹性工作制,发展空间大,五险一金"
武汉佰钧成技术有限责任公司,武汉佰钧成技术有限公司,2000人以上,不需要融资,东湖新技术开发区,python,应届毕业生,本科,7k-9k,大型平台项目
智线云科技（北京）有限公司,ZingFront智线,50-150人,A轮,洪山区,高级python工程师,3-5年,本科,10k-18k,"带薪年假,产品好,福利健全,氛围自由"
深圳市编玩边学教育科技有限公司,编玩边学,150-500人,B轮,洪山区,python教研老师,不限,硕士,10k-15k,"五险一金,年底双薪,多次调薪,零食健身"
武汉华中时讯科技有限责任公司,华中时讯,50-150人,A轮,洪山区,Python后端开发工程师,3-5年,不限,10k-18k,"社交领域,大牛云集,充分授权,扁平管理"
武汉小果科技有限公司,森果,50-150人,天使轮,东湖新技术开发区,Python后台,1-3年,本科,9k-15k,每月分享与团建、定期体检
北京阿博茨科技有限公司,阿博茨科技,150-500人,A轮,洪山区,服务器开发工程师（Java / Python）,3-5年,本科,10k-20k,"人工智能,大数据,扁平管理,公司氛围好"
思特沃克软件技术（成都）有限公司,ThoughtWorks,2000人以上,不需要融资,洪山区,后端开发（JAVA，C#，Python，Ruby）,3-5年,不限,12k-20k,"技术领先,快速成长,全球化视野,学习氛围"
安徽百得思维信息科技有限公司,百得思维,500-2000人,未融资,洪山区,后端开发工程师,1-3年,大专,8k-12k,周末双休，五险一金。
北京金山软件有限公司,金山办公软件,2000人以上,上市公司,东湖新技术开发区,后台开发工程师,3-5年,本科,15k-30k,"六险一金,带薪年假,餐补,年度旅游"
北京金山云网络技术有限公司,金山云,500-2000人,D轮及以上,江夏区,后台研发工程师（武汉）,3-5年,本科,15k-30k,"免费三餐,免费班车,下午茶,七险一金"
北京字节跳动科技有限公司,字节跳动,2000人以上,C轮,洪山区,后端研发工程师,1-3年,本科,15k-30k,六险一金，弹性工作，免费三餐，租房补贴，扁平管理，职业大牛
武汉极意网络科技有限公司,极验,50-150人,B轮,东湖新技术开发区,2019-python开发工程师,应届毕业生,本科,7k-14k,"团队超棒,产品超酷,AI,极客范"
北京天融信网络安全,北京天融信公司,2000人以上,上市公司,东湖新技术开发区,Web前端开发工程师,1-3年,本科,6k-10k,五险一金
北京小米科技有限责任公司,小米,2000人以上,D轮及以上,江夏区,软件开发工程师,不限,本科,18k-35k,miot
万翼科技有限公司,万科,2000人以上,上市公司,东湖新技术开发区,大数据平台开发工程师,3-5年,本科,15k-30k,"世界五百强,人文情怀,福利好到爆"
智线云科技（北京）有限公司,ZingFront智线,50-150人,A轮,洪山区,Python系统运维开发工程师,1-3年,大专,5k-8k,"六险一金,扁平管理,技术驱动,产品有前景"
北京阿博茨科技有限公司,阿博茨科技,150-500人,A轮,洪山区,爬虫工程师（python/Java）,1-3年,大专,8k-14k,"人工智能,大数据,扁平管理,年终奖"
武汉小果科技有限公司,森果,50-150人,天使轮,洪山区,Android研发(往python后端培养),不限,本科,8k-14k,"团队牛人多,公司发展快,产品专注,待遇好"
北京金山软件有限公司,金山办公软件,2000人以上,上市公司,东湖新技术开发区,服务端开发工程师,3-5年,本科,15k-30k,"六险一金,年终奖金,高额餐补,团队氛围好"
北京金山云网络技术有限公司,金山云,500-2000人,D轮及以上,江夏区,高级后台研发工程师（武汉）,5-10年,不限,15k-30k,"免费三餐,免费班车,下午茶,七险一金"
北京字节跳动科技有限公司,字节跳动,2000人以上,C轮,武昌区,资深后台开发工程师,3-5年,本科,20k-40k,六险一金，高薪期权，弹性工作
杭州数澜科技有限公司,数澜科技,150-500人,A轮,洪山区,高级大数据开发工程师【武汉】,3-5年,本科,12k-24k,"大牛云集,扁平管理,福利待遇佳,弹性打卡"
北京小米科技有限责任公司,小米,2000人以上,D轮及以上,东湖新技术开发区,算法工程师-nlp方向,1-3年,本科,18k-36k,周末双休、弹性工作制、六险一金
武汉安天信息技术有限责任公司,武汉安天,150-500人,未融资,东湖新技术开发区,后端研发工程师（应届生）,应届毕业生,本科,8k-13k,"五险一金,年终奖,免费班车,员工旅游"
北京芯盾时代科技有限公司,Trusfort芯盾时代,150-500人,B轮,洪山区,大数据开发工程师,3-5年,本科,15k-25k,"五险一金,年终十六薪,晋升空间,健康体检"
安徽百得思维信息科技有限公司,百得思维,500-2000人,未融资,黄陂区,金融风控技术工程师,1-3年,本科,8k-16k,"办公环境好,福利待遇好,五险一金"
深圳市活力天汇科技股份有限公司,航班管家,500-2000人,C轮,武昌区,大数据开发工程师,1-3年,本科,12k-17k,"人性化,环境好"
江苏其厚智能电气设备有限公司,某国企全资子公司,150-500人,不需要融资,洪山区,存储开发工程师,3-5年,本科,15k-30k,国企
武汉然诺管理咨询有限公司,RulerTech然诺,15-50人,天使轮,江岸区,运维开发工程师,1-3年,本科,7k-10k,"工作氛围好,报酬丰厚,晋升发展,福利丰富"
北京神州绿盟信息安全科技股份有限公司,绿盟科技,500-2000人,上市公司,洪山区,大数据开发工程师,3-5年,本科,15k-25k,年终奖，弹性工作，平台高，超长年假
智线云科技（北京）有限公司,ZingFront智线,50-150人,A轮,洪山区,GO中级工程师,3-5年,本科,10k-15k,"五险一金,补充医疗险,带薪年假,房租补贴"
北京小米科技有限责任公司,小米,2000人以上,D轮及以上,江夏区,服务端开发工程师,不限,本科,18k-35k,MIOT
北京金山云网络技术有限公司,金山云,500-2000人,D轮及以上,江夏区,高级前端开发工程师（武汉）,3-5年,本科,15k-30k,"中国前三,七险一金,包三餐"
北京神州绿盟信息安全科技股份有限公司,绿盟科技,500-2000人,上市公司,东湖新技术开发区,大数据开发工程师,3-5年,本科,10k-20k,"福利好,氛围融洽,弹性工作"
武汉博简科技有限公司,博简科技,50-150人,不需要融资,洪山区,C++,3-5年,大专,15k-30k,优越的福利待遇，五险一金
江苏其厚智能电气设备有限公司,某国企全资子公司,150-500人,不需要融资,洪山区,高级云平台研发工程师,3-5年,本科,18K-25K,央企
上海斯歌信息技术有限公司,上海斯歌,50-150人,未融资,洪山区,PaaS平台开发工程师,5-10年,本科,15k-20k,"五险一金,带薪年假,团队活动"
北京优帆科技有限公司,青云,150-500人,D轮及以上,东湖新技术开发区,云应用平台研发工程师,3-5年,本科,15k-25k,"独角兽,发展空间,快速成长,福利多多"
晓夜科技（武汉）有限公司,晓夜科技,15-50人,未融资,武昌区,JAVA开发,1-3年,大专,5k-10k,"带薪年假,周末双休,地铁口,餐补"
武汉镜像科技有限公司,镜像猫,15-50人,天使轮,东湖新技术开发区,高级游戏服务器开发工程师,不限,不限,15K-30K,一线团队一线薪酬 项目盈利奖金丰厚
湖北盛天网络技术股份有限公司,盛天网络,500-2000人,上市公司,东湖新技术开发区,运维开发工程师,3-5年,本科,10k-20k,"福利好,逼格高,环境赞,有钱花"
武汉今天梦想商贸有限公司,Today今天连锁便利,500-2000人,B轮,硚口区,机器学习/数据挖掘研发工程师,3-5年,本科,15k-30k,"新零售,平台大,技术氛围好,大牛多"
快寻科技（武汉）有限公司,快寻科技（武汉）有限公司,150-500人,不需要融资,洪山区,运维开发工程师,3-5年,本科,8k-10k,"五险一金,股票期权,创业公司,弹性工作"
武汉卓翰网络科技有限公司,卓翰科技,50-150人,A轮,江夏区,后台开发工程师,3-5年,本科,10k-20k,"氛围好,免费零食,大牛多"
武汉小鹿帮帮网络科技有限公司,小鹿帮帮,少于15人,未融资,洪山区,高级Java工程师,3-5年,本科,7k-12k,朝九晚六，周末双休，扁平化管理
北京小米科技有限责任公司,小米,2000人以上,D轮及以上,江夏区,Java开发工程师-订单中心-武汉,3-5年,本科,14k-28k,"精英团队,弹性工作,发展空间大,五险一金"
北京金山云网络技术有限公司,金山云,500-2000人,D轮及以上,东湖新技术开发区,Linux内核研发工程师（存储方向）（武汉）,3-5年,本科,15k-30k,"免费三餐,行业前三,扁平管理"
湖北华中电力科技开发有限责任公司,华电科技,150-500人,不需要融资,东湖新技术开发区,视频分析开发工程师,1-3年,硕士,6k-10k,"大平台,待遇好,环境优越,学习机会多"
北京金山软件有限公司,金山办公软件,2000人以上,上市公司,东湖新技术开发区,NLP-算法工程师,5-10年,本科,20K-40K,"技术氛围好,薪资福利好,年终奖金,年度旅游"
安徽百得思维信息科技有限公司,百得思维,500-2000人,未融资,洪山区,PHP开发工程师,1-3年,本科,8k-12k,"平台大,环境好"
武汉安天信息技术有限责任公司,武汉安天,150-500人,未融资,东湖新技术开发区,高级PHP开发工程师,3-5年,本科,14k-20k,弹性工作 员工旅游 试用薪资不打折
武汉初心科技有限公司,石墨文档,150-500人,B轮,洪山区,数据开发工程师-武汉,3-5年,本科,15k-25k,"世界级产品,挑战性技术,牛人云集,上升空间大"
北京深瞐科技有限公司,深瞐科技,50-150人,B轮,,大数据开发工程师,1-3年,本科,18k-36k,五险一金、餐话交补、年终奖金、法定节假日
四川天翼网络服务有限公司,天翼网络,150-500人,不需要融资,武昌区,初级算法工程师,不限,本科,5k-8k,"项目奖金,节日福利,各类补贴,工龄工资"
武汉猫鹰科技有限公司,猫头鹰团队,50-150人,A轮,江夏区,高级java开发工程师,3-5年,本科,15k-25k,"五险一金,年终奖金,弹性时间,零食水果"
北京趣拿软件科技有限公司,去哪儿网,2000人以上,不需要融资,洪山区,前端开发工程师,1-3年,大专,8k-10k,"五险一金,带薪年假,绩效奖金,周末双休"
品观科技（武汉）有限公司,品观网,50-150人,未融资,武昌区,高级web前端工程师,3-5年,大专,6k-9k,扁平化管理，发展空间大，薪资高于行业水平
成都远辽科技有限责任公司,远辽科技,15-50人,不需要融资,武汉经济技术开发区,大数据开发工程师_高级,3-5年,本科,15k-30k,"双休,五险一金,不定期团建,弹性工作"
百川通联（北京）网络技术有限公司,百川通联,50-150人,A轮,洪山区,初级数据开发工程师,1年以下,本科,7k-14k,"双休,五险一金,年终奖"
湖北盛天网络技术股份有限公司,盛天网络,500-2000人,上市公司,东湖新技术开发区,数据开发工程师,3-5年,本科,10k-20k,"团队,海量数据,成长"
北京小米科技有限责任公司,小米,2000人以上,D轮及以上,江夏区,测试开发工程师-信息部,3-5年,本科,15k-25k,"带薪年假,五险一金,大流量业务"
湖北华中电力科技开发有限责任公司,华电科技,150-500人,不需要融资,东湖新技术开发区,大数据开发工程师,1-3年,硕士,6k-10k,"大平台,待遇好,牛人多,环境优越"
北京金山软件有限公司,金山办公软件,2000人以上,上市公司,东湖新技术开发区,C++开发工程师,不限,本科,15K-30K,"六险一金,办公环境好,知名企业,年终奖金"
武汉安天信息技术有限责任公司,武汉安天,150-500人,未融资,东湖新技术开发区,PHP研发工程师,1-3年,本科,9k-13k,"员工旅游,弹性工作"
武汉智领云科技有限公司,智领云,15-50人,天使轮,东湖新技术开发区,Node.js开发工程师,3-5年,本科,10k-15k,"硅谷团队,五险一金,带薪假期,双休,股票期权"
唯伊云（武汉）科技有限公司,唯伊云,15-50人,未融资,洪山区,后台开发工程师,3-5年,本科,15k-20k,有五险一金，专注技术，往人工智能方向培养
北京优帆科技有限公司,青云,150-500人,D轮及以上,东湖新技术开发区,OpenPitrix 后端研发工程师,3-5年,本科,10k-20k,"工作氛围,发展空间,福利多多,免费零食"
百川通联（北京）网络技术有限公司,百川通联,50-150人,A轮,洪山区,大数据开发工程师,1-3年,本科,8k-15k,"双休,五险一金,年终奖"
北京无忧创想技术咨询有限公司武汉分公司,51CTO,50-150人,B轮,东湖新技术开发区,数据开发工程师,3-5年,本科,9k-18k,入职购买五险一金、餐补、交通补、双休
北京广通信达软件股份有限公司杭州分公司,广通软件,150-500人,上市公司,武昌区,技术支持工程师-武汉,3-5年,本科,8k-15k,"技术驱动,扁平管理"
深之度科技(武汉)有限公司,武汉深之度科技有限公司,50-150人,天使轮,洪山区,桌面应用软件开发工程师,3-5年,不限,8k-15k,五险一金双休餐补年底双薪旅游
斗汁科技（武汉）有限公司,斗汁科技,少于15人,未融资,东湖新技术开发区,微信小程序开发工程师,1-3年,本科,8k-12k,五险一金，待遇丰厚，福利多多
湖北良品铺子食品工业有限公司,良品铺子,2000人以上,不需要融资,江汉区,IT研发类（校园招聘）,应届毕业生,本科,6k-8k,"发展空间大,成长快"
武汉博睿达信息技术有限公司,博睿达,50-150人,A轮,洪山区,DSP开发工程师（软件）,不限,不限,8k-15k,"弹性工作,学习机会多,五险一金"
威讯柏睿数据科技（北京）有限公司,柏睿数据,50-150人,B轮,洪山区,高级JAVA研发工程师,5-10年,硕士,15k-18k,"大数据,五险一金"
北京金山软件有限公司,金山办公软件,2000人以上,上市公司,江夏区,运维开发工程师,3-5年,本科,15k-30k,"年度旅游,高额餐补,六险一金"
北京小米科技有限责任公司,小米,2000人以上,D轮及以上,江夏区,测试开发工程师-小爱-武汉,5-10年,本科,15k-25k,"精英团队,AI产品,发展空间大,丰厚年终奖"
北京优帆科技有限公司,青云,150-500人,D轮及以上,东湖新技术开发区,数据库开发工程师,1-3年,本科,10k-18k,"发展迅速,成长空间,同事超赞,福利多多"
北京广通信达软件股份有限公司杭州分公司,广通软件,150-500人,上市公司,武昌区,高级JAVA开发工程师（武汉）,3-5年,本科,10k-18k,"技术氛围好,领导好,扁平化,产品棒"
武汉智领云科技有限公司,智领云,15-50人,天使轮,东湖新技术开发区,Android开发工程师,3-5年,本科,10k-18k,"硅谷团队,五险一金,带薪假期,双休"
贵阳高登世德金融科技有限公司,高登世德金融科技,50-150人,A轮,武昌区,数据库研发工程师,3-5年,本科,10k-15k,"周末双休,五险一金,扁平管理,专业培训"
北京字节跳动科技有限公司,字节跳动,2000人以上,C轮,洪山区,前端开发工程师,1-3年,本科,15k-25k,六险一金，弹性工作，免费三餐，租房补贴
咸宁方片互动网络有限公司,方片互动,50-150人,天使轮,洪山区,php高级开发工程师,5-10年,大专,13k-20k,"健身房,核心研发岗,H5游戏,期权鼓励"
北京深瞐科技有限公司,深瞐科技,50-150人,B轮,江夏区,视觉算法研发工程师,1-3年,本科,15k-30k,"五险一金,带薪年假,交补话补,餐补"
百川通联（北京）网络技术有限公司,百川通联,50-150人,A轮,洪山区,C++,1-3年,本科,10k-15k,五险一金+年终奖+公司期权
深之度科技(武汉)有限公司,武汉深之度科技有限公司,50-150人,天使轮,洪山区,Linux系统开发工程师,3-5年,本科,4k-8k,五险一金双休季度奖金年度旅游
北京升鑫网络科技有限公司,青藤云安全,15-50人,A轮,东湖新技术开发区,测试开发工程师,3-5年,本科,10k-20k,"技术导向,极客精神,弹性工时,扁平管理"
湖北百旺金赋科技有限公司,百旺金赋,150-500人,不需要融资,东湖新技术开发区,算法工程师,1-3年,本科,10k-20k,"双休,五险一金,免费班车"
华砺智行（武汉）科技有限公司,华砺智行,15-50人,A轮,武汉经济技术开发区,地理信息系统算法工程师,1-3年,博士,15k-20k,"五险一金,年终奖金,专业培训,团队活动"
海致网络技术（北京）有限公司,海致,150-500人,C轮,东湖新技术开发区,后端开发,3-5年,本科,15k-25k,"零食,企滴滴打车"
北京小米科技有限责任公司,小米,2000人以上,D轮及以上,江夏区,大数据开发工程师 - 机器学习方向,不限,本科,20k-40k,MIOT
北京广通信达软件股份有限公司杭州分公司,广通软件,150-500人,上市公司,武昌区,技术支持工程师,1-3年,不限,10k-15k,"五险一金,绩效奖金,定期体检,节假日福利"
咸宁方片互动网络有限公司,方片互动,50-150人,天使轮,洪山区,PHP中级开发工程师,1-3年,大专,8k-13k,"五险一金,单人单间,年终奖金,免费班车"
北京阿博茨科技有限公司,阿博茨科技,150-500人,A轮,洪山区,IT运维工程师,5-10年,本科,6k-12k,弹性工作
武汉维格英科技有限公司,维格英科技,15-50人,未融资,武昌区,.net开发工程师,3-5年,大专,8k-12k,"团队年轻化,工作氛围好,扁平化管理"
威讯柏睿数据科技（北京）有限公司,柏睿数据,50-150人,B轮,洪山区,大数据研发工程师Java,5-10年,硕士,15k-18k,"大数据,五险一金"
软澈（武汉）信息技术有限公司,软澈信息,少于15人,不需要融资,江汉区,后端工程师,1-3年,不限,4k-8k,"弹性工作,五险一金,氛围融洽"
北京奇安信科技有限公司,360企业安全,2000人以上,不需要融资,洪山区,大数据开发工程师(000646),3-5年,本科,15k-25k,"大数据平台,精英团队,弹性工作,股票期权"
武汉斗鱼网络科技有限公司,斗鱼直播,2000人以上,D轮及以上,洪山区,安全开发工程师,不限,本科,9k-18k,"六险一金,双休,零食水果"
贵阳高登世德金融科技有限公司,高登世德金融科技,50-150人,A轮,武昌区,前端工程师,3-5年,本科,6k-10k,"周末双休,五险一金,扁平管理,带薪假期"
北京天融信网络安全,北京天融信公司,2000人以上,上市公司,东湖新技术开发区,Web前端开发实习生,应届毕业生,本科,3k-4k,五险一金
北京升鑫网络科技有限公司,青藤云安全,15-50人,A轮,东湖新技术开发区,测试开发工程师,3-5年,本科,10k-20k,"五险一金,扁平化管理,弹性工时,双休"
北京字节跳动科技有限公司,字节跳动,2000人以上,C轮,洪山区,前端开发工程师,1-3年,本科,15k-25k,六险一金，弹性工作，免费三餐，租房补贴，带薪休假，职业大牛
北京云英传奇技术有限公司,CloudIn,50-150人,A轮,洪山区,研发总监（大数据）,10年以上,本科,30k-50k,"武汉负责人,五险一金,期权"
湖北华中电力科技开发有限责任公司,华电科技,150-500人,不需要融资,东湖新技术开发区,云计算工程师,1-3年,本科,6k-10k,"大平台,待遇优,环境优越,学习机会多"
北京小米科技有限责任公司,小米,2000人以上,D轮及以上,江夏区,软件研发工程师（DEV）,不限,本科,15k-30k,"晋升空间大,大牛云集,各种福利"
咸宁方片互动网络有限公司,方片互动,50-150人,天使轮,武汉经济技术开发区,php高级开发工程师,5-10年,大专,13k-20k,"健身房,核心研发岗,H5游戏,期权鼓励"
北京奇安信科技有限公司,360企业安全,2000人以上,不需要融资,东湖新技术开发区,后端开发工程师(000678),3-5年,不限,15k-30k,"精英团队,极客氛围,福利待遇好,管理规范"
软澈（武汉）信息技术有限公司,软澈信息,少于15人,不需要融资,江汉区,高级后端工程师,3-5年,不限,6k-12k,"弹性工作,五险一金,氛围融洽"
北京升鑫网络科技有限公司,青藤云安全,15-50人,A轮,洪山区,测试开发工程师,3-5年,本科,10k-20k,"不打卡,餐补,电脑部,下午茶"
福韵数据服务有限公司,福韵数据服务有限公司,150-500人,不需要融资,洪山区,高级Java开发工程师,5-10年,本科,10k-20k,"开元框架,VUE,大数据处理,spark"
武汉然诺管理咨询有限公司,RulerTech然诺,15-50人,天使轮,江夏区,Linux C/C++开发工程师,1-3年,大专,6k-12k,"五险一金,周末双休,年终奖励"
上海罗盘信息科技有限公司,罗盘科技,150-500人,不需要融资,武昌区,数据库研发工程师,3-5年,本科,6k-12k,"年底双薪,绩效奖金,五险一金,员工旅游"
贵阳高登世德金融科技有限公司,高登世德金融科技,50-150人,A轮,武昌区,技术负责人,1-3年,本科,10k-15k,"周末双休,五险一金,专业培训,扁平管理"
北京金山软件有限公司,金山办公软件,2000人以上,上市公司,江夏区,Java开发工程师,3-5年,本科,15k-30k,弹性不打卡 高额补贴 年度旅游
传神语联网网络科技股份有限公司,传神,500-2000人,上市公司,洪山区,高级Java开发工程师,3-5年,本科,10k-20k,"发展前景好,公司氛围佳"
武汉市尚蓝科技有限公司,武汉市尚蓝科技有限公司,15-50人,不需要融资,洪山区,PHP开发工程师,1-3年,大专,7k-12k,"年终奖,双休,弹性工作制,福利好"
北京无忧创想技术咨询有限公司武汉分公司,51CTO,50-150人,B轮,东湖新技术开发区,技术经理,5-10年,本科,20k-30k,"五险一金,餐补,电话补贴,带薪年假"
行吟信息科技（上海）有限公司,小红书,500-2000人,D轮及以上,东湖新技术开发区,资深前端开发工程师,3-5年,本科,15k-30k,"年底多薪,六险一金,平台广阔,发展空间大"
武汉猫鹰科技有限公司,猫头鹰团队,50-150人,A轮,江夏区,java开发工程师,1-3年,本科,10k-15k,"五险一金,年终奖金,弹性时间,零食水果"
咸宁方片互动网络有限公司,方片互动,50-150人,天使轮,洪山区,PHP初级开发工程师,1-3年,大专,5k-8k,"健身房,核心研发岗,H5游戏,期权鼓励"
北京金山软件有限公司,金山办公软件,2000人以上,上市公司,东湖新技术开发区,运维开发工程师,3-5年,本科,12k-24k,"弹性工作,给力年终,普调加薪,年度旅游"
北京小米科技有限责任公司,小米,2000人以上,D轮及以上,江夏区,搜索爬虫工程师-武汉,3-5年,硕士,15k-30k,"精英团队,弹性工作,发展空间大,丰厚年终奖"
北京百分点信息科技有限公司,百分点,500-2000人,D轮及以上,洪山区,技术经理(J10264),5-10年,本科,13k-26k,"五险一金,弹性工作,补充医疗,绩效奖金"
武汉掌中宝网络科技有限公司,武汉掌中宝,150-500人,未融资,武昌区,后端开发工程师（Node.js),1-3年,本科,15k-25k,"免费体检,下午茶,年终奖,扁平管理"
科大讯飞股份有限公司,科大讯飞,2000人以上,上市公司,东湖新技术开发区,高级开发运维工程师,3-5年,本科,8k-15k,大平台、年终奖、领导nice
北京字节跳动科技有限公司,字节跳动,2000人以上,C轮,洪山区,后端开发Leader,不限,本科,25k-40k,六险一金，高薪期权，租房补贴，扁平管理，职业大牛
武汉博智思越企业管理咨询有限公司,博智思越,少于15人,未融资,洪山区,运维开发工程师,3-5年,本科,8k-15k,"五险一金,年终奖,每年调薪,餐补"
北京广通信达软件股份有限公司杭州分公司,广通软件,150-500人,上市公司,武昌区,高级JAVA开发工程师,3-5年,本科,10k-18k,"领导棒,技术氛围佳,五险一金,团建"
武汉锐视智慧科技有限公司,锐视智慧,15-50人,不需要融资,东湖新技术开发区,系统开发工程师（Kubernetes）,1-3年,本科,10k-16k,"其实不简单,优美的架构,最新的技术,大胆去干"
武汉烽火云创软件技术有限公司,烽火云创,150-500人,不需要融资,洪山区,DevOps工程师,3-5年,本科,20k-30k,竞争性央企
加和（北京）信息科技有限公司,加和科技,50-150人,A轮,洪山区,算法工程师,1-3年,本科,10k-20k,"年轻团队,激情满满,福利多多,行业先锋"
北京深瞐科技有限公司,深瞐科技,50-150人,B轮,江夏区,C++高级研发工程师,1-3年,本科,13k-25k,五险一金，餐话交补，年终奖金，双休
北京阿博茨科技有限公司,阿博茨科技,150-500人,A轮,洪山区,数据工程师,3-5年,本科,10k-15k,金融公司
武汉斗鱼网络科技有限公司,斗鱼直播,2000人以上,D轮及以上,洪山区,资深DBA工程师,3-5年,本科,15k-30k,"知名平台,薪酬待遇佳,发展空间大"
北京金山软件有限公司,金山办公软件,2000人以上,上市公司,东湖新技术开发区,服务端开发,3-5年,本科,15k-30k,"六险一金,年度体检,高额餐补,年度旅游"
北京小米科技有限责任公司,小米,2000人以上,D轮及以上,江夏区,嵌入式应用开发工程师 - Linux应用开发方向,不限,本科,18k-35k,miot
武汉约跑社体育文化管理有限公司,约跑社,15-50人,天使轮,汉阳区,后台开发工程师,不限,本科,6k-12k,2017武汉大学生创业十佳企业
网来云商环球信息技术（武汉）有限公司,网来云商,50-150人,A轮,洪山区,高级前端开发工程师,5-10年,本科,8k-15k,"周末双休,五险一金"
武汉虹旭信息技术有限责任公司,烽火科技&middot;虹旭信息技术有限公司,150-500人,不需要融资,江夏区,大数据开发工程师,1-3年,本科,6k-10k,"前景广阔,福利完善,通勤班车,提供食宿"
唯伊云（武汉）科技有限公司,唯伊云,15-50人,未融资,洪山区,全栈工程师,3-5年,本科,20k-30k,有五险一金，专注技术，往人工智能方向培养
安徽百得思维信息科技有限公司,百得思维,500-2000人,未融资,洪山区,应用运维工程师,5-10年,大专,14k-18k,"试用期全薪,五险一金,双休"
武汉华中时讯科技有限责任公司,华中时讯,50-150人,A轮,洪山区,后台开发工程师,应届毕业生,不限,7k-14k,"社交领域,大牛云集,充分授权,扁平管理"
武汉轻购云科技有限公司,轻购云,15-50人,A轮,东湖新技术开发区,嵌入式开发工程师,5-10年,本科,6k-11k,"旅游,奖金,期权"
乐约电子科技（上海）有限公司北京分公司,乐约健康,150-500人,C轮,武昌区,测试工程师,3-5年,大专,8k-10k,带薪假期
深圳市宇轩网络技术有限公司武汉分公司,宇轩网络,500-2000人,C轮,洪山区,运维工程师,1-3年,大专,5k-10k,五险一金 晋升通道 出国学习 扁平管理
北京字节跳动科技有限公司,字节跳动,2000人以上,C轮,洪山区,后端开发Leader,不限,本科,25k-40k,六险一金，高薪期权，租房补贴，扁平管理
上海昊沧系统控制技术有限责任公司,昊沧,150-500人,B轮,洪山区,数据挖掘工程师,1-3年,本科,10k-20k,年终奖
武汉皮皮外语网络科技有限公司,皮皮外语,15-50人,未融资,东湖新技术开发区,Web全栈高级开发工程师,5-10年,本科,15k-20k,"早九晚六,弹性工作制,五险一金"
武汉然诺管理咨询有限公司,RulerTech然诺,15-50人,天使轮,洪山区,自动化测试工程师,3-5年,本科,10k-15k,"平台开放,台资企业,五险一金,福利丰富"
北京金山软件有限公司,金山办公软件,2000人以上,上市公司,东湖新技术开发区,测试工程师,3-5年,本科,10k-15k,"六险一金,年假多,年度旅游,年终奖"
武汉斗鱼网络科技有限公司,斗鱼直播,2000人以上,D轮及以上,洪山区,监控工程师,1-3年,本科,4k-8k,"知名平台,薪酬待遇佳,发展空间大"
武汉南博网络科技有限公司,南博科技,150-500人,未融资,东湖新技术开发区,图像识别工程师,不限,硕士,10k-20k,"电子商务,周末双休,高速发展,公司氛围好"
任子行网络技术股份有限公司,任子行,500-2000人,上市公司,东湖新技术开发区,高级前端开发工程师,5-10年,本科,10k-20k,"六险一金,午餐补贴,周末双休,股权激励"
北京字节跳动科技有限公司,字节跳动,2000人以上,C轮,洪山区,后端开发Leader,不限,本科,25k-40k,六险一金，高薪期权，租房补贴，扁平管理
武汉烽火普天信息技术有限公司,烽火普天,50-150人,A轮,东湖新技术开发区,大数据架构工程师,3-5年,本科,15k-30k,"大牛带队,发展空间大,公司发展快,项目机会多"
湖北熙沃德天网络科技有限公司,熙沃德天网络,少于15人,未融资,东湖新技术开发区,渗透工程师,不限,不限,5k-10k,项目奖，多次调薪，弹性工作
武汉掌中宝网络科技有限公司,武汉掌中宝,150-500人,未融资,武昌区,C++软件开发（楚河汉街）,3-5年,本科,15k-30k,"体检福利,五险,年终奖,氛围好"
上海日辉掌眼智能科技有限公司,日辉掌眼Xjera,15-50人,不需要融资,洪山区,C++ 工程师,1-3年,本科,8k-15k,"项目开发,软件监控,软件调优"
北京小米科技有限责任公司,小米,2000人以上,D轮及以上,江夏区,软件研发技术负责人（DEV）,5-10年,本科,20k-40k,"晋升空间大,大牛云集"
武汉鼎森电子科技有限公司,博看网,15-50人,未融资,江汉区,web前端开发,3-5年,本科,8k-15k,"国外游,高薪酬,购房补贴,长带薪年假"
湖北盛天网络技术股份有限公司,盛天网络,500-2000人,上市公司,东湖新技术开发区,Java大数据开发工程师,3-5年,本科,10k-20k,"平台,数据量,氛围"
北京旷视科技有限公司,Face++,500-2000人,C轮,洪山区,数据工程师,1-3年,本科,10k-20k,"弹性工作,大牛云集,定期团建,AI独角兽"
深圳市活力天汇科技股份有限公司,航班管家,500-2000人,C轮,武昌区,数据工程师,1-3年,本科,8k-15k,"交通便利,环境好,氛围好"
武汉海星通技术股份有限公司,武汉海星通技术股份有限公司,15-50人,不需要融资,洪山区,Java开发工程师,3-5年,本科,12k-15k,优秀团队 节日福利 带薪年假 五险一金
北京金山软件有限公司,金山办公软件,2000人以上,上市公司,洪山区,NLP工程师,3-5年,本科,10k-20k,"领导nic,办公环境舒,各种团建"
北京字节跳动科技有限公司,字节跳动,2000人以上,C轮,洪山区,前端开发Leader,不限,本科,30k-40k,六险一金，高薪期权，弹性工作，带薪休假
行吟信息科技（上海）有限公司,小红书,500-2000人,D轮及以上,东湖新技术开发区,后端开发工程师,3-5年,本科,15k-30k,"六险一金,年终多多,餐补"
万翼科技有限公司,万科,2000人以上,上市公司,东湖新技术开发区,高级测试工程师,3-5年,本科,12k-24k,"世界五百强,互联网变革,薪资福利佳,发展空间大"
武汉玖信普惠金融信息服务有限公司,玖融网,500-2000人,A轮,江汉区,Java工程师,3-5年,本科,8k-15k,"领导nic,晋升快,工作环境佳,下午茶"
艾能进咨询管理顾问有限公司,艾能进,15-50人,未融资,洪山区,资深后端工程师,3-5年,本科,25K-50K,公司好，福利好
武汉烽火普天信息技术有限公司,烽火普天,50-150人,A轮,东湖新技术开发区,数据治理工程师,1-3年,本科,8k-12k,"大牛带你飞,扁平管理,花样福利"
武汉今天梦想商贸有限公司,Today今天连锁便利,500-2000人,B轮,硚口区,DBA,3-5年,本科,15k-30k,"平台大,发展快,氛围好,新零售"
广东亿迅科技有限公司,广东亿迅,2000人以上,不需要融资,武昌区,测试工程师（2019应届生，武汉）,应届毕业生,本科,7k-10k,公司规模大
华砺智行（武汉）科技有限公司,华砺智行,15-50人,A轮,武汉经济技术开发区,交通算法工程师,1-3年,硕士,15k-20k,"五险一金,年终奖金,专业培训,团队活动"
湖北长江云新媒体集团有限公司,长江云新媒体集团,150-500人,未融资,武昌区,高级系统运维工程师,不限,不限,8k-15k,"系统运维,弹性工作"
特斯联（北京）科技有限公司,特斯联,150-500人,B轮,武昌区,运维工程师,3-5年,大专,8k-15k,"薪资,平台"
黑芝麻智能科技（上海）有限公司,黑芝麻科技,15-50人,B轮,洪山区,前端高级工程师,5-10年,本科,10k-20k,"技术前沿,晋升空间大"
武汉亘星智能技术有限公司,亘星智能,15-50人,未融资,江岸区,算法工程师,3-5年,硕士,12k-24k,大牛带你飞、双休、弹性8小时
武汉找道科技有限公司,找道科技,15-50人,未融资,东湖新技术开发区,算法工程师-图像处理方向,1-3年,本科,8k-12k,"餐补,五险一金,弹性工作"
北京金山软件有限公司,金山办公软件,2000人以上,上市公司,东湖新技术开发区,运维工程师,3-5年,本科,10k-20k,"六险一金,年终奖金,高额餐补,团队氛围好"
武汉南博网络科技有限公司,南博科技,150-500人,未融资,东湖新技术开发区,前端开发H5,不限,本科,5k-10k,"电子商务,互联网+,高速发展,公司氛围好"
安徽百得思维信息科技有限公司,百得思维,500-2000人,未融资,黄陂区,反欺诈分析师,1-3年,本科,6k-10k,"五险一金,周末节假日,福利好"
威仕德莱森科技（武汉）有限公司,威仕德莱森科技,15-50人,不需要融资,武昌区,技术经理,5-10年,本科,35k-40k,"股票期权,六险一金,年底三薪"
尼尔林技术咨询（深圳）有限公司,尼尔林,150-500人,不需要融资,东湖新技术开发区,Linux应用研发工程师-高级研发经理,5-10年,本科,18k-25k,"五险一金,绩效奖金,年终奖,带薪年假"
湖北华中电力科技开发有限责任公司,华电科技,150-500人,不需要融资,武昌区,高级软件支持工程师,3-5年,本科,6k-10k,"大平台,待遇好,环境优越,培训机会多"
武汉蛋玩科技有限公司,蛋玩科技,15-50人,天使轮,东湖新技术开发区,高级Web开发工程师,3-5年,本科,8k-15k,"智能机器人,双休,节假日福利,环境优美"
北京博睿宏远科技发展有限公司,博睿宏远,150-500人,不需要融资,东湖新技术开发区,安卓开发工程师,应届毕业生,本科,4k-8k,"弹性上班,福利优厚,晋升空间大,年底三薪"
武汉四海华彩互联网科技信息有限公司,四海华彩互联网,150-500人,天使轮,江汉区,高级测试工程师,3-5年,本科,7k-10k,"五险一金,周末双休"
上海得见计算机科技有限公司武汉分公司,得见科技,15-50人,A轮,武昌区,Web前端开发工程师,3-5年,本科,8k-15k,"五险一金,双休法定假,股权期权,美女多"
武汉今天梦想商贸有限公司,Today今天连锁便利,500-2000人,B轮,硚口区,大数据架构师,5-10年,本科,15k-25k,"新零售,平台大,氛围好,发展快"
武汉雷龙网络科技有限公司,雷龙游戏,15-50人,不需要融资,洪山区,C++游戏服务器开发工程师,1-3年,本科,7k-14k,"周末双休,五险一金,每日下午茶,节日福利"
武汉烽火普天信息技术有限公司,烽火普天,50-150人,A轮,东湖新技术开发区,NLP工程师,1-3年,本科,10k-20k,"大牛带你飞,扁平管理,花样福利"
武汉微派网络科技有限公司,微派,50-150人,B轮,东湖新技术开发区,H5前端开发工程师,1-3年,本科,8k-15k,"独挡一面,技术挑战,top薪资"
武汉天远视科技有限责任公司,Farsee2,50-150人,不需要融资,洪山区,C➕➕开发工程师,1-3年,本科,10k-20k,包吃  双休  节日福利  五险一金
云转传媒（武汉）有限公司,云转传媒,15-50人,不需要融资,东湖新技术开发区,高级web前端开发工程师,5-10年,大专,7k-10k,"扁平管理,办公自由"
北京广通信达软件股份有限公司杭州分公司,广通软件,150-500人,上市公司,武昌区,中高级JAVA开发工程师,3-5年,本科,8k-14k,"五险一金,年度体检,领导好"
武汉掌游科技有限公司,掌游科技,150-500人,B轮,,大数据架构师,3-5年,本科,15k-25k,"过亿流水，扁平管理,专业团队,定期培训"
武汉斗鱼网络科技有限公司,斗鱼直播,2000人以上,D轮及以上,洪山区,资深前端工程师,3-5年,本科,15k-30k,"行业发展快,公司发展好,个人空间大,薪资福利好"
深圳市活力天汇科技股份有限公司,航班管家,500-2000人,C轮,武昌区,数据挖掘算法工程师,1-3年,本科,15k-20k,"福利好,逼格高,环境赞,发展快"
武汉芯云道数据科技有限公司,芯云道数据科技,15-50人,未融资,江岸区,C++,1-3年,本科,8k-15k,"C++,Linux,多线程,股权激励"
武汉小码联城科技有限公司,小码联城,150-500人,A轮,江岸区,后端白盒测试工程师,3-5年,本科,7k-14k,"带薪年假,节日福利,年度体检,团建活动"
行吟信息科技（上海）有限公司,小红书,500-2000人,D轮及以上,东湖新技术开发区,WH-Java开发工程师/架构师,1-3年,本科,15K-30K,"六险一金,年终多多,弹性工作制"
诚迈科技（南京）股份有限公司,诚迈科技,2000人以上,上市公司,东湖新技术开发区,BI报表开发,1-3年,本科,10k-20k,"福利多,待遇好,环境好,发展机会多"
武汉市江岸区小院士教育培训中心,小院士教育,50-150人,未融资,江岸区,工程师,3-5年,大专,5k-10k,"20年名校,全新项目"
武汉市追忆那年网络科技有限公司,忆年,50-150人,A轮,洪山区,BI总监,5-10年,本科,20k-40k,"团队管理,数据建模"
河南省现代农业大数据产业技术研究院有限公司,河南省农业大数据研究院,15-50人,B轮,东湖新技术开发区,C++高级工程师,不限,不限,10k-20k,"高薪诚聘,高精尖团队,领导易相处,初创型公司"
武汉四海华彩互联网科技信息有限公司,四海华彩互联网,150-500人,天使轮,江汉区,中级测试工程师,1-3年,本科,4k-8k,"五险一金,周末双休"
武汉五九盾网络科技有限公司,五九盾网络,15-50人,未融资,洪山区,服务器运维,1-3年,大专,4k-6k,晋升快
安徽百得思维信息科技有限公司,百得思维,500-2000人,未融资,江汉区,风控大数据建模工程师,不限,本科,7k-14k,"五险一金,双休"
武汉爱科软件,爱科,50-150人,不需要融资,洪山区,Angular高级开发工程师,1-3年,本科,8k-12k,"双休,福利,五险一金,旅游"
武汉鼎森电子科技有限公司,博看网,15-50人,未融资,江汉区,Web前端工程师,3-5年,大专,8k-12k,"薪酬高,生日趴,年终奖,环境好"
武汉镜像科技有限公司,镜像猫,15-50人,天使轮,东湖新技术开发区,游戏测试工程师,不限,本科,6k-12k,"五险一金,奖金丰厚,游戏氛围好,零食水果多"
深圳市活力天汇科技股份有限公司,航班管家,500-2000人,C轮,武昌区,大数据工程师,1-3年,本科,8k-15k,"福利好,逼格高,发展快,有钱花"
北京尚德在线教育科技有限公司,尚德机构,2000人以上,上市公司,东湖新技术开发区,高级Web前端工程师,5-10年,本科,20k-30k,"十五薪,弹性工时,扁平管理,全额公积金"
武汉烽火普天信息技术有限公司,烽火普天,50-150人,A轮,东湖新技术开发区,文本挖掘/自然语言处理实习生,不限,本科,4k-6k,"大牛带你飞,扁平管理,花样福利"
武汉聚蜗网络科技有限公司,聚蜗,15-50人,不需要融资,洪山区,软件测试（中高级）,1-3年,本科,7k-11k,五险一金，上班时间弹性，周末双休，实力派
行吟信息科技（上海）有限公司,小红书,500-2000人,D轮及以上,东湖新技术开发区,后端开发工程师,1-3年,本科,15k-30k,"年底多薪,六险一金,平台广阔,发展空间大"
北京升鑫网络科技有限公司,青藤云安全,15-50人,A轮,东湖新技术开发区,运维工程师,3-5年,大专,10k-20k,"技术导向,极客精神,五险一金,弹性工时"
深圳市编玩边学教育科技有限公司,编玩边学,150-500人,B轮,东湖新技术开发区,在线编程老师,不限,本科,7k-12k,"五险一金,餐补,年底双薪,氛围轻松"
湖北熙沃德天网络科技有限公司,熙沃德天网络,少于15人,未融资,东湖新技术开发区,网络信息安全,不限,不限,5k-10k,项目奖，多次调薪，弹性工作
优品财富管理有限公司,优品财富管理有限公司,500-2000人,未融资,江夏区,NLP算法工程师,3-5年,本科,15k-25k,大牛云集
北京思拓合众科技有限公司,CmsTop,50-150人,未融资,洪山区,GO开发工程师,3-5年,本科,8k-16k,"团队氛围佳,培训机会多,福利待遇好,公司前景好"
北京小米科技有限责任公司,小米,2000人以上,D轮及以上,江夏区,后端研发工程师 — 全局搜索,3-5年,本科,15k-30k,"五险一金,餐补,年终奖,人工智能"
乐约电子科技（上海）有限公司北京分公司,乐约健康,150-500人,C轮,武昌区,PHP开发,1-3年,本科,12k-15k,"互联网医疗,带薪假期,培训体系,五险一金"
行吟信息科技（上海）有限公司,小红书,500-2000人,D轮及以上,洪山区,后端工程师-（2019 校招）,应届毕业生,本科,9k-15k,"六险一金,餐补,年终多多"
武汉鼎森电子科技有限公司,博看网,15-50人,未融资,江汉区,web前端开发工程师,3-5年,大专,7k-14k,"高薪酬,办公环境,国外游,技术大牛多"
北京旷视科技有限公司,Face++,500-2000人,C轮,东湖新技术开发区,高级测试工程师,3-5年,本科,10k-15k,"大平台,牛人多,氛围好"
武汉佰益源信息科技有限公司,佰益源,50-150人,天使轮,硚口区,测试工程师,1-3年,不限,6k-12k,"分布式系统,SOA,PaaS"
北京小米科技有限责任公司,小米,2000人以上,D轮及以上,江夏区,后端研发工程师 — 全局搜索,1-3年,本科,13k-25k,"五险一金餐,餐补,年终奖,人工智能"
北京升鑫网络科技有限公司,青藤云安全,15-50人,A轮,东湖新技术开发区,前端开发工程师,3-5年,本科,10k-20k,"五险一金,弹性工时,技术导向型,扁平化管理"
深古安地智能科技(武汉)有限公司,深古安地,50-150人,A轮,洪山区,激光点云算法工程师,1-3年,本科,7k-14k,"五险一金,员工旅游,专业培训,餐饮补贴"
北京百家互联科技有限公司,跟谁学,500-2000人,A轮,洪山区,Java软件工程师,1-3年,本科,10k-15k,平台广阔、学习机会、互联网+教育发展前景
北京尖峰计算机系统有限公司武汉分公司,北京尖峰武汉分公司,50-150人,不需要融资,江夏区,AI算法工程师,1-3年,本科,8k-15k,福利待遇好
武汉唯理科技有限公司,唯理科技,15-50人,不需要融资,东湖新技术开发区,算法工程师,不限,不限,6k-12k,"博士带队,发展空间大,团队高大上"
湖北百旺金赋科技有限公司,百旺金赋,150-500人,不需要融资,东湖新技术开发区,爬虫工程师,1-3年,本科,6k-10k,"技术驱动,五险一金,免费班车,氛围轻松"
北京金山软件有限公司,金山办公软件,2000人以上,上市公司,江夏区,C++客户端,3-5年,本科,15k-30k,"年度旅游,高额餐补,大牛多,弹性不打卡"
湖北长江云新媒体集团有限公司,长江云新媒体集团,150-500人,未融资,武昌区,系统运维工程师,不限,不限,6k-12k,"系统运维,弹性工作时"
特斯联（北京）科技有限公司,特斯联,150-500人,B轮,武昌区,测试工程师,3-5年,大专,8k-15k,"薪资,平台"
武汉智领云科技有限公司,智领云,15-50人,天使轮,东湖新技术开发区,软件产品测试工程师,1-3年,本科,6k-12k,"双休,带薪年假,股票期权,硅谷文化"
湖北百旺金赋科技有限公司,百旺金赋,150-500人,不需要融资,东湖新技术开发区,测试工程师（大数据方向）,1-3年,本科,8k-15k,"五险一金,周末双休,免费班车"
行吟信息科技（上海）有限公司,小红书,500-2000人,D轮及以上,东湖新技术开发区,后端开发工程师（2019校招）,应届毕业生,本科,10k-15k,"年底多薪,六险一金,平台广阔,发展空间大"
北京好巧国际旅行社有限公司,好巧,150-500人,B轮,东湖新技术开发区,测试工程师,1-3年,大专,4k-6k,"六险一金,B+轮融资,弹性不打卡"
武汉格事化信息技术有限公司,武汉格事化信息技术有...,15-50人,不需要融资,江岸区,汉口片区自动化测试工程师,5-10年,大专,8k-15k,"骨干齐全,扁平化"
安徽百得思维信息科技有限公司,百得思维,500-2000人,未融资,洪山区,运维工程师,3-5年,本科,8k-15k,年终奖 五险一金
北京广通信达软件股份有限公司杭州分公司,广通软件,150-500人,上市公司,武昌区,Java开发工程师,3-5年,本科,10k-20k,"技术驱动,扁平管理,前沿技术,公积金高"
武汉艺画开天文化传播有限公司,艺画开天,50-150人,天使轮,洪山区,Maya Pipeline TD,3-5年,本科,8k-12k,"五险一金,节假日福利,下午茶,免费班车"
北京深瞐科技有限公司,深瞐科技,50-150人,B轮,江夏区,算法工程师,不限,本科,7k-14k,"五险一金,餐话交补,年终奖金,弹性工作制"
武汉智领云科技有限公司,智领云,15-50人,天使轮,东湖新技术开发区,大数据工程师,3-5年,本科,10k-20k,"双休,五险一金,股票期权,硅谷文化"
趣米（武汉）科技有限公司,趣米科技,50-150人,不需要融资,江夏区,游戏服务器开发,1-3年,本科,12k-24k,扁平化管理 项目奖金
传神语联网网络科技股份有限公司,传神,500-2000人,上市公司,洪山区,算法实习生,不限,硕士,2k-3k,"氛围和谐,前沿技术,学习机会"
黑芝麻智能科技（上海）有限公司,黑芝麻科技,15-50人,B轮,洪山区,无人驾驶定位算法工程师,1-3年,硕士,10k-20k,"人工智能,技术前沿"
武汉佰钧成技术有限责任公司,武汉佰钧成技术有限公司,2000人以上,不需要融资,东湖新技术开发区,配置管理工程师（CMO）,不限,本科,5k-10k,"六险一金,班车接送,带薪年假,年度体检"
武汉赞娱科技有限公司,戏多多,15-50人,天使轮,洪山区,推荐算法工程师,1-3年,本科,10k-20k,"五险一金,股票期权,晋升通道,发展空间"
北京江民新科技术有限公司,江民,50-150人,未融资,洪山区,逆向工程师,1-3年,本科,10k-20k,五险一金 节日福利 加班补助 员工旅游
武汉格事化信息技术有限公司,武汉格事化信息技术有...,15-50人,不需要融资,江岸区,自动化测试工程师,3-5年,大专,8k-15k,"五险一金,骨干齐全"
安徽百得思维信息科技有限公司,百得思维,500-2000人,未融资,东湖新技术开发区,测试工程师,3-5年,本科,10k-16k,五险一金，年终奖，节假日福利
湖北楚天龙实业有限公司,湖北楚天龙实业有限公司,150-500人,未融资,武昌区,高级JAVA开发工程师,3-5年,大专,8k-12k,"平台好,人性化管理,氛围和谐"
诚迈科技（南京）股份有限公司,诚迈科技,2000人以上,上市公司,东湖新技术开发区,工具开发,3-5年,本科,10k-15k,"待遇好,加班费,发展好,发展好"
武汉久乐科技有限公司,久乐科技,15-50人,A轮,东湖新技术开发区,高级软件工程师（生命健康大数据分析方向）,1-3年,本科,10k-15k,"股权激励,弹性工作,周末双休,环境优美"
武汉扬讯信息科技有限公司,扬讯科技,50-150人,不需要融资,东湖新技术开发区,C++服务器工程师,1-3年,大专,5k-10k,"双休,五险一金,年终奖,节假日福利"
北京同创永益科技发展有限公司,同创永益,50-150人,未融资,东湖新技术开发区,java开发工程师,3-5年,本科,8k-15k,"五险一金,各种补贴,发展好,扁平化"
武汉佰钧成技术有限责任公司,武汉佰钧成技术有限公司,2000人以上,不需要融资,东湖新技术开发区,Java开发工程师,1-3年,本科,7k-14k,待遇好 妹子多 六险一金 弹性时间 年假
北京智扬通达科技有限公司,北京智扬,50-150人,不需要融资,东湖新技术开发区,测试工程师,1-3年,本科,5k-8k,周末双休五险一金 加班补助 节日福利
武汉诗诺科技股份有限公司,南泥湾,150-500人,上市公司,洪山区,图像识别工程师,不限,硕士,10k-20k,"五险一金,餐补,周末双休,多次调薪"
朗新科技股份有限公司,朗新科技,2000人以上,上市公司,洪山区,运维开发架构师,3-5年,大专,10k-20k,运维
北京趣拿软件科技有限公司,去哪儿网,2000人以上,不需要融资,洪山区,数据分析师,1-3年,大专,8k-10k,"互联网行业,舒适的环境"
快寻科技（武汉）有限公司,快寻科技（武汉）有限公司,150-500人,不需要融资,洪山区,软件测试工程师,1-3年,大专,5k-6k,"五险一金,股票期权,创业公司,弹性工作"
湖北银通天下科技有限公司,银通天下科技,15-50人,未融资,武昌区,PHP高级开发工程师,5-10年,大专,10k-20k,凭能力高薪
北京深瞐科技有限公司,深瞐科技,50-150人,B轮,东湖新技术开发区,大数据工程师,3-5年,本科,15k-30k,"五险一金,带薪年假,双休,餐交话补"
武汉格事化信息技术有限公司,武汉格事化信息技术有...,15-50人,不需要融资,江岸区,自动化测试工程师,3-5年,大专,8k-15k,骨干期权
安徽百得思维信息科技有限公司,百得思维,500-2000人,未融资,洪山区,测试工程师,3-5年,本科,9k-15k,"年终奖,五险一金"
武汉佰钧成技术有限责任公司,武汉佰钧成技术有限公司,2000人以上,不需要融资,江夏区,CMO,不限,本科,5k-8k,"朝九晚六,周末双休,带薪年假,五险一金"
传神语联网网络科技股份有限公司,传神,500-2000人,上市公司,洪山区,高级测试工程师（大数据方向）,5-10年,本科,10k-15k,"氛围和谐,专业培训,机遇和挑战"
武汉明源云科技有限公司,明源云,500-2000人,上市公司,洪山区,高级软件测试工程师,5-10年,大专,10k-15k,技能提升 扁平化 五险一金 双休
北京广通信达软件股份有限公司杭州分公司,广通软件,150-500人,上市公司,武昌区,项目经理-武汉,3-5年,本科,12k-20k,"扁平管理,技术驱动,行业前驱"
湖北会基网络科技有限公司,会基科技,50-150人,未融资,东湖新技术开发区,测试工程师,1-3年,本科,4k-7k,"五险一金,岗位晋升,节日福利,年终奖金"
北京小米科技有限责任公司,小米,2000人以上,D轮及以上,江夏区,自然语言处理工程师,3-5年,本科,20k-40k,"餐补班车,优秀团队,年终奖,带薪年假"
湖北盛天网络技术股份有限公司,盛天网络,500-2000人,上市公司,东湖新技术开发区,大数据运维工程师,3-5年,本科,10k-20k,"大数据,发展"
武汉小码联城科技有限公司,小码联城,150-500人,A轮,江岸区,测试工程师,1-3年,大专,8k-10k,"带薪年假,节日福利,年度体检,团建活动"
思特沃克软件技术（成都）有限公司,ThoughtWorks,2000人以上,不需要融资,洪山区,前端开发,3-5年,本科,12k-20k,国际化视野 扁平管理 技术氛围
上海罗盘信息科技有限公司,罗盘科技,150-500人,不需要融资,武昌区,前端开发工程师,1-3年,本科,8k-12k,"年底双薪,绩效奖金,带薪年假,员工旅游"
武汉心络科技有限公司,武汉心络科技有限公司,50-150人,未融资,东湖新技术开发区,NLP工程师,3-5年,本科,15k-25k,"五险一金,弹性上班,免费午餐"
湖北云天下教育科技有限公司,湖北云天下教育科技有限公司,150-500人,A轮,东湖新技术开发区,运维工程师,3-5年,本科,7k-14k,好平台 高薪酬 福利优 配股权
快寻科技（武汉）有限公司,快寻科技（武汉）有限公司,150-500人,不需要融资,洪山区,性能测试工程师,1-3年,大专,6k-7k,"五险一金,股票期权,创业公司,弹性工作"
安徽百得思维信息科技有限公司,百得思维,500-2000人,未融资,洪山区,应用运维,5-10年,大专,15k-20k,五险一金节假日福利双休都有
武汉展盛科技有限公司,展盛科技,少于15人,未融资,江汉区,算法工程师,1-3年,硕士,8k-15k,"股权激励,行业前景大,老板人好,高成长"
河南省现代农业大数据产业技术研究院有限公司,河南省农业大数据研究院,15-50人,B轮,东湖新技术开发区,知识图谱工程师,不限,硕士,10k-20k,"弹性作息,国资背景,扁平化管理,高学历团队"
北京神州绿盟信息安全科技股份有限公司,绿盟科技,500-2000人,上市公司,洪山区,安全数据分析研究员,不限,本科,10k-20k,"年终奖,丰厚补贴,弹性工作,平台好"
武汉锐视智慧科技有限公司,锐视智慧,15-50人,不需要融资,东湖新技术开发区,算法工程师,1-3年,硕士,15k-25k,"技术牛,有人带,数据多,天天挑战"
武汉心络科技有限公司,武汉心络科技有限公司,50-150人,未融资,东湖新技术开发区,大数据工程师,3-5年,本科,15k-25k,"五险一金,股票期权,餐饮补贴"
北京尚德在线教育科技有限公司,尚德机构,2000人以上,上市公司,东湖新技术开发区,中高级前端开发,3-5年,本科,15k-30k,"弹性班,超长带薪,技术氛围棒,加班少"
威仕德莱森科技（武汉）有限公司,威仕德莱森科技,15-50人,不需要融资,武昌区,嵌入式驱动工程师,1-3年,本科,10k-15k,"五险一金,专业培训,年终奖金,年假旅游"
武汉格事化信息技术有限公司,武汉格事化信息技术有...,15-50人,不需要融资,江岸区,测试主管,5-10年,本科,12k-18k,"职位晋升,股权激励,管理扁平化,团队氛围佳"
上海赛连信息科技有限公司,小鱼易连,150-500人,B轮,东湖新技术开发区,高级Java工程师-武汉,5-10年,本科,10k-20k,"五险一金,年底双薪,餐饮补贴,弹性工作"
行吟信息科技（上海）有限公司,小红书,500-2000人,D轮及以上,洪山区,前端工程师-（2019校招）,应届毕业生,本科,10k-20k,"六险一金,餐补,年终多多"
武汉微派网络科技有限公司,微派,50-150人,B轮,东湖新技术开发区,数据分析师,3-5年,本科,15k-25k,"独挡一面,充分授权"
科大讯飞股份有限公司,科大讯飞,2000人以上,上市公司,东湖新技术开发区,研究员（自然语言）,3-5年,本科,10k-20k,前沿技术、大平台、领导nice
优品财富管理有限公司,优品财富管理有限公司,500-2000人,未融资,江夏区,测试工程师,不限,本科,7k-14k,腾讯团队
武汉师师网科技有限公司,师师网,50-150人,天使轮,东湖新技术开发区,Java开发工程师,3-5年,大专,15k-26k,五险一金，股票期权，扁平化管理，年终分红
安徽百得思维信息科技有限公司,百得思维,500-2000人,未融资,东湖新技术开发区,应用运维,3-5年,本科,8k-15k,五险一金，双休，年终奖
武汉万江龙网络有限公司,万江龙,50-150人,B轮,,高级前端工程师,3-5年,大专,12k-18k,绩效奖金/股票期权/带薪年假/与大牛共事
江苏其厚智能电气设备有限公司,某国企全资子公司,150-500人,不需要融资,洪山区,云存储测试工程师,3-5年,本科,13k-26k,国企
武汉佰钧成技术有限责任公司,武汉佰钧成技术有限公司,2000人以上,不需要融资,东湖新技术开发区,自动化测试,不限,本科,6k-12k,"六险一金,班车接送,带薪年假,年度体检"
武汉诗诺科技股份有限公司,南泥湾,150-500人,上市公司,洪山区,前端架构师,3-5年,本科,10k-15k,"五险一金,多次调薪,周末双休,节日福利"
北京亚鸿世纪科技发展有限公司,亚鸿世纪,150-500人,不需要融资,洪山区,大数据测试工程师,3-5年,本科,7k-14k,"六险一金,假期多,领导好！,奖金多"
武汉永恒龙腾商务咨询有限公司,永恒龙腾,150-500人,A轮,洪山区,高级前端开发工程师,3-5年,本科,15k-30k,"行业前三,上市公司,晋升空间大"
群硕软件开发（上海）有限公司,群硕软件,500-2000人,未融资,东湖新技术开发区,软件开发工程师,应届毕业生,本科,6k-8k,"福利多,年假,体检,补贴"
武汉锐视智慧科技有限公司,锐视智慧,15-50人,不需要融资,东湖新技术开发区,系统开发工程师（后端）,1-3年,本科,10k-16k,"其实不简单,优美的架构,最新的技术,大胆去干"
深圳市新国都技术股份有限公司,新国都,2000人以上,上市公司,洪山区,JAVA开发工程师（武汉）,3-5年,本科,15k-30k,"上市公司,发展前景好,五险一金"
西安英诺软件有限公司,英诺软件,150-500人,不需要融资,东西湖区,数据库开发工程师,1-3年,大专,7k-10k,"公司大,平台好,福利多,成长快"
北京慧睿国际技术发展有限公司,慧睿国际,,,武昌区,php开发工程师,1-3年,大专,5k-8k,高新园区，发展空间大。
深圳市星际无限科技有限公司,深圳市星际无限科技有限公司,15-50人,未融资,东湖新技术开发区,安全工程师,3-5年,大专,8k-10k,"高薪,弹性"
武汉光谷信息技术股份有限公司,武汉光谷信息,500-2000人,上市公司,江夏区,高级前端开发,3-5年,本科,10k-15k,"技术大牛,OPEN,技术新"
武汉莱博信息技术有限公司,莱博科技,50-150人,不需要融资,东湖新技术开发区,数据采集工程师,不限,大专,5k-10k,"升职,加薪,待遇好,双休"
杭州财人汇网络股份有限公司,财人汇,150-500人,上市公司,江汉区,网络工程师,1-3年,本科,6k-8k,"软件企业,五险一金,双休"
北京百分点信息科技有限公司,百分点,500-2000人,D轮及以上,洪山区,NLP架构师(J10272),3-5年,本科,18k-36k,"五险一金,弹性工作,绩效奖金,补充医疗"
武汉远成共创科技有限公司,湖北远成,500-2000人,未融资,武昌区,WEB前端开发工程师,3-5年,大专,4k-8k,"包吃,包住,稳定,牛人多"
任子行网络技术股份有限公司,任子行,500-2000人,上市公司,东湖新技术开发区,系统架构工程师,5-10年,本科,15k-30k,"六险一金,午餐补贴,周末双休,股权激励"
安徽百得思维信息科技有限公司,百得思维,500-2000人,未融资,蔡甸区,linux运维工程师,1-3年,大专,8k-12k,"专业,技术精湛"
贵阳高登世德金融科技有限公司,高登世德金融科技,50-150人,A轮,武昌区,金融量化分析实习生,应届毕业生,本科,2k-3k,"金融科技,扁平管理,出国机会,专业培训"
晓夜科技（武汉）有限公司,晓夜科技,15-50人,未融资,武昌区,运维开发工程师,1-3年,大专,6k-12k,"带薪年假,地铁口,双休"
北京神州绿盟信息安全科技股份有限公司,绿盟科技,500-2000人,上市公司,洪山区,web安全研究员,不限,不限,15k-25k,"年终奖,丰厚补贴,弹性工作,平台好"
武汉唯理科技有限公司,唯理科技,15-50人,不需要融资,东湖新技术开发区,图像识别工程师,不限,不限,6k-12k,"博士带队,发展空间好,项目棒"
武汉佰钧成技术有限责任公司,武汉佰钧成技术有限公司,2000人以上,不需要融资,东湖新技术开发区,CMO(配置管理）--华为外派岗位,1-3年,本科,4k-8k,"六险一金,年度体检,带薪年假,大平台学习"
北京四维图新科技股份有限公司,四维图新,2000人以上,上市公司,洪山区,自然语言处理工程师,1-3年,本科,12k-20k,"六险一金,待遇优厚,成长空间"
北京小米科技有限责任公司,小米,2000人以上,D轮及以上,江夏区,搜索页面分析工程师—搜索与推荐,不限,本科,15k-30k,"五险一金,餐补,年终奖,人工智能"
上海固锦信息技术有限公司,万唯金融,50-150人,未融资,江汉区,中级功能测试,1-3年,大专,5k-7k,"跨境产品,绩效奖金,五险一金,氛围和谐"
泰康在线财产保险股份有限公司,泰康在线,500-2000人,不需要融资,江岸区,数学建模（大数据部）,3-5年,本科,18k-25k,"福利非常全,发展空间大,办公环境好,交通便利"
中文在线数字出版集团股份有限公司,中文在线,500-2000人,上市公司,武汉经济技术开发区,测试工程师 (MJ000239),3-5年,本科,8k-15k,"上市公司,在线教育,14薪,扁平化管理"
九州通医药集团股份有限公司,九州通医药集团股份有限公司,2000人以上,上市公司,汉阳区,大数据架构师,5-10年,本科,9k-18k,"上市公司,五险一金,绩效奖金,年终奖"
武汉派生科技有限公司,派生科技,150-500人,不需要融资,洪山区,前端开发工程师,3-5年,大专,8k-12k,前端
诚迈科技（南京）股份有限公司,诚迈科技,2000人以上,上市公司,东湖新技术开发区,自动化测试,1-3年,本科,8k-15k,"发展空间大,加班费,奖金,补贴"
湖北银通天下科技有限公司,银通天下科技,15-50人,未融资,武昌区,技术副总监,5-10年,本科,15k-25k,凭能力高薪
武汉唯理科技有限公司,唯理科技,15-50人,不需要融资,东湖新技术开发区,NLP-自然语言处理工程师,1-3年,硕士,15k-20k,"最新技术,与高校合作"
武汉唯信兄弟科技有限公司,唯信兄弟科技,15-50人,A轮,洪山区,算法工程师研究员,1-3年,本科,10k-20k,"合伙人,原始股,有趣"
北京百分点信息科技有限公司,百分点,500-2000人,D轮及以上,洪山区,大数据架构师(J10263),5-10年,本科,15k-30k,"五险一金,弹性工作,补充医疗,绩效奖金"
武汉极意网络科技有限公司,极验,50-150人,B轮,东湖新技术开发区,2019-深度学习/机器学习工程师,应届毕业生,本科,7k-14k,"团队超棒,产品超酷,AI,极客范"
朗新科技股份有限公司,朗新科技,2000人以上,上市公司,洪山区,大数据开发工程师(2019届应届生),应届毕业生,本科,5k-8k,"六险一金,带薪年假,弹性工作,应届生培养"
武汉市立德思科技有限公司,创享学院,15-50人,天使轮,洪山区,腾讯云大数据讲师，大数据讲师，云计算讲师,1-3年,本科,10k-15k,"员工旅行,绩效奖金,做五休二,年终奖金"
武汉心络科技有限公司,武汉心络科技有限公司,50-150人,未融资,东湖新技术开发区,运维工程师,1-3年,本科,6k-10k,"股票期权,五险一金,快速成长"
北京小米科技有限责任公司,小米,2000人以上,D轮及以上,江夏区,高级Java研发工程师-订单中心(武汉),不限,本科,12k-24k,"餐补班车,优秀团队,年终奖,带薪年假"
武汉哥本巷科技有限公司,哥本巷,15-50人,未融资,洪山区,数据分析师,3-5年,硕士,12k-20k,"五险一金,餐补,年终奖,周末双休"
美尔雅期货有限公司,美尔雅期货,150-500人,上市公司,江汉区,信息系统运维工程师,不限,本科,4k-7k,"领导好,五险一金,公司福利,员工体检"
上海有点信息科技有限公司,有点,15-50人,未融资,洪山区,机器学习/深度学习/算法工程师,1-3年,本科,6k-12k,"工作氛围好,周末双休,良好的环境"
深之度科技(武汉)有限公司,武汉深之度科技有限公司,50-150人,天使轮,洪山区,测试工程师,不限,大专,5k-8k,五险一金双休餐补免费体检旅游
北京数字政通科技股份有限公司武汉分公司,武汉政通,500-2000人,上市公司,洪山区,资深算法研究员,3-5年,硕士,15k-25k,"AI,大牛多,福利好"
武汉皮皮外语网络科技有限公司,皮皮外语,15-50人,未融资,东湖新技术开发区,高级运维工程师,5-10年,本科,10k-20k,"朝九晚六,弹性工作制,五险一金"
上海龙照电子有限公司,龙照电子,50-150人,不需要融资,洪山区,web前端开发工程师,3-5年,大专,10k-17k,"周末双休,五险一金,定期体检,年终奖金"
武汉市公用电子工程有限责任公司,公用电子,50-150人,不需要融资,硚口区,大数据,3-5年,本科,12k-18k,"自主研发,双休,扁平管理"
朗新科技股份有限公司,朗新科技,2000人以上,上市公司,洪山区,高级测试工程师,3-5年,大专,10k-20k,测试
武汉芯云道数据科技有限公司,芯云道数据科技,15-50人,未融资,江岸区,金融量化工程师,1-3年,本科,6k-12k,"掌握至少一,门高级编程,语言"
安徽百得思维信息科技有限公司,百得思维,500-2000人,未融资,江汉区,银行技术风控,不限,本科,10k-12k,"专业,热情"
当代金融信息技术（武汉）有限公司,当代金融科技,50-150人,不需要融资,武昌区,数据工程师,5-10年,本科,16k-25k,"年轻团队,交通便利,早餐午餐"
武汉纬孚信息科技有限公司,纬孚信息,少于15人,未融资,江汉区,后端开发工程师,3-5年,不限,6k-8k,"移动互联网,服务端"
武汉四海华彩互联网科技信息有限公司,四海华彩互联网,150-500人,天使轮,江汉区,测试经理,3-5年,本科,10k-20k,"五险一金,周末双休,弹性时间"
加和（北京）信息科技有限公司,加和科技,50-150人,A轮,东湖新技术开发区,PHP中级开发工程师,3-5年,本科,10k-20k,"先锋行业,年轻团队,位置绝佳"
武汉达此网络科技有限公司,达此网络,2000人以上,不需要融资,洪山区,java开发工程师,1-3年,本科,8k-16k,"五险一金,双休,年终奖,弹性工时"
武汉精诚文化传播有限公司,精诚文化传播,15-50人,未融资,江汉区,软件项目经理,1-3年,本科,6k-8k,双休
明盛软件发展（武汉）有限公司,MSC Software,150-500人,未融资,东湖新技术开发区,图形渲染,5-10年,本科,10k-16k,"五险一金,弹性工作制,双休,优秀的产品"
乐跑体育互联网（武汉）有限公司,乐跑体育,50-150人,A轮,东湖新技术开发区,php后台开发,1-3年,大专,8k-12k,"股票期权,带薪年假,福利多多,环境优雅"
武汉佰钧成技术有限责任公司,武汉佰钧成技术有限公司,2000人以上,不需要融资,东湖新技术开发区,cmo,不限,本科,5k-9k,大型平台项目
北京百分点信息科技有限公司,百分点,500-2000人,D轮及以上,洪山区,数据工程师(J10262),1-3年,本科,8k-16k,"五险一金,弹性工作,补充医疗,绩效奖金"
北京金山软件有限公司,金山办公软件,2000人以上,上市公司,东湖新技术开发区,测试工程师,3-5年,本科,10k-20k,"弹性工作,给力年终,普调加薪,年度旅游"
湖南省科域生物医药科技有限公司,科域生物,50-150人,不需要融资,洪山区,高级生信分析师,不限,本科,8k-15k,五险一金＋商业保险＋年度旅游＋月度福利
行吟信息科技（上海）有限公司,小红书,500-2000人,D轮及以上,洪山区,前端工程师-（2019校招）,应届毕业生,本科,10k-20k,"六险一金,餐补,年终多多"
武汉乐享创梦科技有限公司,乐享创梦,15-50人,未融资,洪山区,PHP开发工程师,1-3年,大专,6k-12k,"出国旅游,项目分红,年终多金,五险一金"
福韵数据服务有限公司,福韵数据服务有限公司,150-500人,不需要融资,洪山区,数据挖掘,3-5年,本科,10k-20k,"程序开发设,数据分析,数据挖掘,算法实现"
武汉白虹软件科技有限公司,白虹软件,150-500人,上市公司,洪山区,数据挖掘算法工程师,1-3年,硕士,10k-20k,上市公司
武汉海星通技术股份有限公司,武汉海星通技术股份有限公司,15-50人,不需要融资,洪山区,高级运维工程师,3-5年,本科,11k-14k,优秀团队 节日福利 带薪年假 五险一金
湖北航天信息技术有限公司,湖北航信,500-2000人,不需要融资,武昌区,DBA数据库管理员,3-5年,本科,7k-14k,五险一金，免费体检，午餐补贴
武汉极意网络科技有限公司,极验,50-150人,B轮,东湖新技术开发区,2019-测试工程师,应届毕业生,本科,6k-12k,"团队超棒,产品超酷,AI,极客范"
北京奇安信科技有限公司,360企业安全,2000人以上,不需要融资,洪山区,系统架构师(000587),5-10年,本科,20k-30k,"大数据平台,精英团队,弹性工作,股票期权"
武汉唯理科技有限公司,唯理科技,15-50人,不需要融资,东湖新技术开发区,爬虫工程师,1-3年,本科,10k-20k,"前景好,办公室零食,妹子多"
武汉成长无限网络科技有限公司,成长无限网络,15-50人,不需要融资,武昌区,风控经理,3-5年,本科,15k-20k,"五险双休,待遇好,朝九晚五,环境舒适"
盛视科技股份有限公司,盛视,500-2000人,不需要融资,洪山区,机器学习算法工程师,不限,硕士,15k-30k,"空间大,薪酬高,福利多,大牛多"
武汉心络科技有限公司,武汉心络科技有限公司,50-150人,未融资,东湖新技术开发区,Web前端开发工程师,3-5年,本科,12k-18k,"股票期权,餐饮补贴,五险一金"
武汉虹旭信息技术有限责任公司,烽火科技&middot;虹旭信息技术有限公司,150-500人,不需要融资,江夏区,Linux C/C++ 软件工程师,3-5年,本科,6k-12k,"职业通道,前景广阔,福利完善"
北京同创永益科技发展有限公司,同创永益,50-150人,未融资,东湖新技术开发区,测试工程师,3-5年,本科,8k-12k,"五险一金,各种补贴,扁平化,发展好"
武汉成长无限网络科技有限公司,成长无限网络,15-50人,不需要融资,武昌区,风控总监,5-10年,大专,20k-30k,"五险双休,待遇好,朝九晚五,环境舒适"
武汉慧联无限科技有限公司,慧联无限,15-50人,未融资,东湖新技术开发区,运维实习岗,应届毕业生,本科,1k-2k,弹性工作制 双休
九州通医药集团股份有限公司,九州通医药集团股份有限公司,2000人以上,上市公司,东湖新技术开发区,大数据工程师,3-5年,本科,12k-22k,"五险一金,带薪休假,食宿补贴,绩效年终奖"
武汉佰钧成技术有限责任公司,武汉佰钧成技术有限公司,2000人以上,不需要融资,东湖新技术开发区,cmo技术支持 可接受应届生,不限,本科,4k-8k,"五险一金,周末双休,加班少,奖金"
武汉锐视智慧科技有限公司,锐视智慧,15-50人,不需要融资,东湖新技术开发区,算法工程师（培训生）,1-3年,本科,5k-10k,"其实不简单,优美的架构,最新的技术,大胆去干"
行吟信息科技（上海）有限公司,小红书,500-2000人,D轮及以上,东湖新技术开发区,资深测试,1-3年,本科,10k-15k,"六险一金,免费三餐,年终多多"
上海固锦信息技术有限公司,万唯金融,50-150人,未融资,江汉区,高级功能测试,3-5年,本科,12k-15k,"绩效奖金,五险一金,年度旅游"
保易汇（武汉）科技有限公司,保易汇（武汉）科技有限公司,15-50人,未融资,武昌区,前端开发,1-3年,本科,8k-10k,"五险双休,氛围好"
河南省现代农业大数据产业技术研究院有限公司,河南省农业大数据研究院,15-50人,B轮,东湖新技术开发区,图像算法工程师,不限,硕士,10k-20k,"高薪,晋升空间大,高精尖团队,工作氛围好"
湖北微模式科技发展有限公司,微模式软件,50-150人,A轮,洪山区,技术支持（售前）,1-3年,本科,8k-15k,五险一金、行业竞争力薪资，带薪年假、双休
武汉极意网络科技有限公司,极验,50-150人,B轮,东湖新技术开发区,测试工程师,不限,本科,6k-10k,"技术氛围好,大佬云集"
全息云通健康科技（北京）有限公司,全息云通,50-150人,未融资,东湖新技术开发区,大数据工程师,3-5年,本科,12k-24k,"5A写字楼,行业资源多,前景广阔"
武汉极目未来数据技术有限公司,余物宝,150-500人,B轮,东湖新技术开发区,测试工程师,3-5年,本科,8k-11k,"周末双休,五险一金,弹性工时,零食小吃"
武汉久玩电子商务有限公司,久玩电商,50-150人,B轮,洪山区,软件测试工程师,1-3年,本科,4k-8k,"节日福利,每年调薪,绩效奖金"
北京思拓合众科技有限公司,CmsTop,50-150人,未融资,洪山区,资深运维开发工程师,5-10年,本科,10k-20k,"周末双休,福利待遇好,团队氛围佳,公司前景好"
湖北银通天下科技有限公司,银通天下科技,15-50人,未融资,武昌区,PHP开发经理,5-10年,本科,15k-25k,凭能力高薪
北京尚德在线教育科技有限公司,尚德机构,2000人以上,上市公司,洪山区,WEB前端开发,1-3年,本科,6k-10k,双休
江西国泰利民信息科技有限公司,国泰利民,150-500人,未融资,洪山区,高级安全测试工程师（武汉）,3-5年,本科,10k-15k,"国企,年终奖"
北京一猫汽车科技有限公司,一猫汽车网,150-500人,B轮,江汉区,PHP工程师,3-5年,本科,10k-20k,互联网
尼尔林技术咨询（深圳）有限公司,尼尔林,150-500人,不需要融资,东湖新技术开发区,C++开发,应届毕业生,本科,10k-18k,"五险一金,双休,绩效奖金"
深圳微易通网络科技有限公司,微易通科技,15-50人,未融资,洪山区,爬虫开发工程师,3-5年,大专,8k-14k,"五险一金,双休,项目提成,福利好"
武汉麦达电子有限公司,麦达集团,50-150人,未融资,东湖新技术开发区,测试工程师,1-3年,本科,4k-6k,五险，双休，交通补贴，餐补，培训
北京百家互联科技有限公司,跟谁学,500-2000人,A轮,洪山区,测试工程师,1-3年,本科,6k-8k,"六险一金,周末双休,提升价值,高速成长"
深圳微品致远信息科技有限公司,中兴微品,150-500人,C轮,洪山区,大数据讲师（武汉）,1-3年,本科,13k-15k,"五险一金,带薪年假,弹性工作,定期体检"
深圳市宏电技术股份有限公司,深圳宏电,150-500人,不需要融资,东湖新技术开发区,图像算法工程师,不限,硕士,10k-20k,"车联网,图像识别,人脸识别,疲劳驾驶"
北京小米移动软件有限公司,小米,2000人以上,D轮及以上,东湖新技术开发区,自然语言处理算法工程师,不限,本科,20k-40k,"小米武汉,NLP"
江西国泰利民信息科技有限公司,国泰利民,150-500人,未融资,洪山区,高级软件测试工程师（武汉）,3-5年,本科,7k-14k,"国企,年终奖"
武汉享趣电子商务有限公司,武汉享趣电子商务有限公司,15-50人,未融资,洪山区,高级Java工程师,3-5年,本科,7k-12k,"扁平化管理,公司氛围好"
武汉市网慧天下科技有限公司,网慧天下,15-50人,不需要融资,洪山区,项目经理,3-5年,本科,8k-16k,"高薪,发展前景,管理"
上海知平信息技术有限公司,知平软件,15-50人,未融资,东湖新技术开发区,终端产品数据分析师,10年以上,硕士,30k-60k,"双休,年假,五险一金"
全息云通健康科技（北京）有限公司,全息云通,50-150人,未融资,东湖新技术开发区,运维DBA,3-5年,本科,10k-15k,"5A写字楼,行业资源多,前景广阔"
武汉微派网络科技有限公司,微派,50-150人,B轮,东湖新技术开发区,测试工程师,1-3年,不限,8k-15k,"苹果榜第一,年底双薪,定期团建,用户量巨大"
传神语联网网络科技股份有限公司,传神,500-2000人,上市公司,洪山区,测试工程师,3-5年,本科,6k-10k,"领导Nic,氛围和谐,发展机会多"
北京同创永益科技发展有限公司,同创永益,50-150人,未融资,东湖新技术开发区,软件测试工程师,应届毕业生,本科,6k-12k,"五险一金,补贴,发展空间大,扁平化管理"
福建顶点软件股份有限公司,顶点软件,500-2000人,不需要融资,洪山区,软件测试工程师（武汉）,应届毕业生,本科,5k-10k,"六险一金,入职培训,过节费,旅游体检"
微结互联网络科技（武汉）有限公司,微结互联,少于15人,天使轮,江夏区,Java工程师,1-3年,本科,4k-8k,"晋升空间,股票期权"
北京尚德在线教育科技有限公司,尚德机构,2000人以上,上市公司,东湖新技术开发区,中级Web前端工程师,3-5年,本科,15k-25k,"十五薪,弹性工时,扁平管理,全额公积金"
湖北银通天下科技有限公司,银通天下科技,15-50人,未融资,武昌区,PHP技术副总监,5-10年,本科,15k-25k,凭能力高薪
武汉简图信息科技有限公司,简图电商,150-500人,不需要融资,东西湖区,微信小程序开发,1-3年,大专,6k-9k,"五险一金,提供住宿,餐饮补贴,交通补贴"
武汉市启蒙听听科技有限公司,启蒙听听,50-150人,A轮,洪山区,测试工程师,3-5年,本科,8k-15k,"五险一金,周末双休,带薪年假,股权激励"
思创微尔网络科技(武汉)有限公司,思创微尔,少于15人,A轮,青山区,Java开发工程师,3-5年,本科,6k-12k,软件开发WEＢ端，APP端，微信小程序
武汉鸥漾高新科技有限公司,鸥漾科技,150-500人,未融资,武昌区,运维工程师,3-5年,大专,9k-13k,五险一金
北京推想科技有限公司,推想科技,150-500人,B轮,硚口区,实施工程师（武汉） (MJ000011),不限,大专,6k-12k,"人工智能,五险一金,试用期全薪,饭补"
北京小米科技有限责任公司,小米,2000人以上,D轮及以上,江夏区,测试开发工程师 — 搜索与推荐,3-5年,本科,13k-25k,"五险一金,年终奖,餐补,人工智能"
武汉轻购云科技有限公司,轻购云,15-50人,A轮,东湖新技术开发区,web前端开发,3-5年,大专,9k-15k,"快速成长,领导好,氛围好"
武汉威泰科技发展有限公司,威泰科技,50-150人,A轮,江夏区,测试经理,5-10年,大专,10k-15k,"五险一金,弹性工作制,年终奖,带薪年假"
武汉虹旭信息技术有限责任公司,烽火科技&middot;虹旭信息技术有限公司,150-500人,不需要融资,江夏区,JAVA开发工程师（大数据方向）,1-3年,本科,6k-10k,"发展前景,年终奖,班车午餐,福利完善"
武汉东浦信息技术有限公司,东浦信息,500-2000人,未融资,武汉经济技术开发区,Java开发工程师,1-3年,本科,8k-16k,"车联网,云平台,企业信息化,共享汽车"
盛视科技股份有限公司,盛视,500-2000人,不需要融资,洪山区,机器学习算法工程师,不限,硕士,15k-30k,"空间大,薪酬高,福利多,大牛多"
武汉扬讯信息科技有限公司,扬讯科技,50-150人,不需要融资,东湖新技术开发区,c++服务器软件工程师,应届毕业生,本科,4k-6k,"双休,五险一金,一对一指导,节假日福利"
上海日辉掌眼智能科技有限公司,日辉掌眼Xjera,15-50人,不需要融资,洪山区,业务运维工程师（SRE - Linux）,3-5年,本科,12k-24k,"人工智能,技术前沿,良好工作,交通便利"
安徽百得思维信息科技有限公司芜湖分公司,百得思维,2000人以上,不需要融资,东湖新技术开发区,linux运维工程师,1-3年,不限,7k-9k,"项目好,薪酬好"
北京嘉配科技有限公司,嘉配科技,150-500人,A轮,洪山区,测试工程师,5-10年,本科,8k-15k,五险一金 双休 带薪年假及奖励假 领导nice
宝宝树（北京）信息技术有限公司,宝宝树,500-2000人,D轮及以上,江夏区,高级测试工程师,3-5年,本科,15k-25k,"弹性工作制,五险一金,扁平化管理"
九州通医药集团股份有限公司,九州通医药集团股份有限公司,2000人以上,上市公司,东湖新技术开发区,测试工程师,3-5年,本科,8k-15k,"五险一金,带薪休假,食宿补贴,绩效年终奖"
北京通力互联技术服务有限公司,通力互联,2000人以上,不需要融资,江夏区,AI测试开发岗位,3-5年,本科,6k-12k,"周末双休,免费班车,免费早餐"
武汉爱融科技有限公司,爱融科技,15-50人,未融资,洪山区,运维工程师,5-10年,本科,8k-15k,"周末双休,五险一金,公司旅游,福利补贴"
武汉嘿呦科技有限公司,嘿哟科技,15-50人,天使轮,江岸区,测试工程师,1-3年,本科,8k-10k,"团队年轻,梦想激情,薪酬丰厚,个人成长"
北京升鑫网络科技有限公司,青藤云安全,15-50人,A轮,东湖新技术开发区,运维工程师,1-3年,大专,8k-13k,"技术氛围浓,期权计划,弹性工时,五险一金"
智慧工匠科技有限公司,智慧工匠,50-150人,未融资,,高级测试工程师,3-5年,本科,8k-16k,带薪年假 五险一金 年终奖 地铁直达
北京小米科技有限责任公司,小米,2000人以上,D轮及以上,江夏区,大数据运维工程师,不限,本科,15k-30k,"期权,晋升空间大,团队氛围好"
北京百家互联科技有限公司,跟谁学,500-2000人,A轮,洪山区,数据研发实习生,应届毕业生,本科,4k-6k,"平台广阔,互联网教育,转正机会,前沿技术"
湖北华旺达信息技术有限公司,湖北华旺达信息技术,50-150人,不需要融资,洪山区,运维工程师,1-3年,大专,8k-16k,"周末双休,加班补助"
湖北金鹏信息系统有限公司,湖北金鹏,150-500人,不需要融资,江岸区,测试工程师,5-10年,本科,10k-18k,"周末双休,双份年终奖,七险一金,福利丰富"
武汉中房科瑞网络科技有限公司,武汉360中房网,500-2000人,上市公司,武昌区,爬虫数据采集工程师,1-3年,大专,5k-8k,"带薪假期,无出差,交通补助,通讯补助"
深圳左邻永佳科技有限公司,左邻,150-500人,A轮,东湖新技术开发区,测试工程师【武汉】,1-3年,本科,5k-8k,"福利多,扁平管理,风口行业"
武汉云庐数据科技有限公司,云庐数据,50-150人,B轮,东湖新技术开发区,软件测试,1-3年,大专,5k-7k,寻找最合适的你。
武汉找道科技有限公司,找道科技,15-50人,未融资,东湖新技术开发区,算法工程师-图像处理方向（实习生）,应届毕业生,本科,4k-5k,餐补
科大讯飞股份有限公司,科大讯飞,2000人以上,上市公司,洪山区,测试开发,3-5年,本科,15k-20k,"双休,五险一金,14+X"
行吟信息科技（上海）有限公司,小红书,500-2000人,D轮及以上,东湖新技术开发区,客户端测试开发,1-3年,本科,10k-20k,"六险一金,餐补,弹性工作制"
武汉玩信网络科技有限公司,玩信网络,50-150人,不需要融资,武昌区,web后端工程师,1-3年,本科,8k-15k,职业发展
北京小米科技有限责任公司,小米,2000人以上,D轮及以上,江夏区,运维工程师,1-3年,本科,15k-30k,"大牛云集,晋升空间大,项目多样,各种福利"
武汉找道科技有限公司,找道科技,15-50人,未融资,东湖新技术开发区,自然语言处理工程师（实习生）,应届毕业生,本科,4k-5k,"餐补,弹性工作"
科大讯飞股份有限公司,科大讯飞,2000人以上,上市公司,东湖新技术开发区,系统测试工程师（武汉）,不限,本科,10k-18k,食堂好，班车全，妹子多。
武汉博简科技有限公司,博简科技,50-150人,不需要融资,洪山区,运维工程师,1-3年,大专,8k-15k,"朝九晚六,优厚的福利,五险一金,丰富团建"
武汉纬创纬尊软件有限公司,纬创软件,500-2000人,上市公司,东湖新技术开发区,测试工程师,3-5年,大专,7k-14k,五险一金，年终奖，双休，免费班车
深圳市宏电技术股份有限公司,深圳宏电,150-500人,不需要融资,东湖新技术开发区,算法工程师（2019届校园招聘，深圳/武汉）,应届毕业生,硕士,8k-12k,"物联网,技术大牛,三观正,自由发挥"
北京思拓合众科技有限公司,CmsTop,50-150人,未融资,洪山区,运维工程师,1-3年,大专,7k-14k,"团队氛围佳,周末双休,弹性时间,年终奖金"
武汉永恒龙腾商务咨询有限公司,永恒龙腾,150-500人,A轮,洪山区,前端自动化测试工程师,3-5年,本科,15k-25k,"上市公司,年底双薪,晋升空间大,行业前三"
武汉TCL集团工业研究院有限公司,武汉TCL,15-50人,未融资,江夏区,计算机视觉算法工程师,不限,硕士,15k-25k,"机器学习,深度学习,图像处理,人工智能"
武汉空文网络科技有限公司,轻文,15-50人,A轮,洪山区,运维工程师（7K-12K）,不限,大专,7k-12k,"90后团队,有偿加班,弹性工作,定期体检"
北京今朝勇创科技有限公司,笑鱼科技,50-150人,A轮,江汉区,运维工程师,3-5年,本科,10k-20k,"弹性上班,扁平管理,年轻化,五险一金"
武汉数为科技有限公司,数为科技,15-50人,A轮,洪山区,测试工程师,1-3年,大专,6k-8k,五险一金、年休假、年终奖、节日福利等
武汉尚易星通科技有限公司,尚易星通,15-50人,未融资,东湖新技术开发区,深度学习工程师,应届毕业生,硕士,3k-5k,实习
北京思特奇信息技术股份有限公司,思特奇Si-tech,2000人以上,上市公司,东西湖区,核心业务部门_Java工程师,1-3年,本科,7k-12k,20年、上市、带薪年假、五险一金、福利
武汉小狮科技有限公司,小狮科技,15-50人,天使轮,东湖新技术开发区,机器学习算法工程师（全职/实习生 若干）,应届毕业生,本科,6k-9k,"有钱,有成长,有活力,有未来"
上海臣盈软件科技有限公司,臣盈软件,50-150人,未融资,东湖新技术开发区,软件测试,5-10年,大专,12k-22k,公司规模大，技术新颖，项目稳定。
武汉TCL集团工业研究院有限公司,武汉TCL,15-50人,未融资,江夏区,算法实习生,应届毕业生,硕士,2k-4k,"Java,机器学习,深度学习,人工智能"
武汉师师网科技有限公司,师师网,50-150人,天使轮,东湖新技术开发区,java后端,3-5年,大专,10k-18k,五险一金，股票期权，扁平化管理，年终分红
北京知行易联科技有限公司,北京知行易联科技有限公司,少于15人,未融资,武昌区,数据分析助理、项目助理,应届毕业生,本科,4k-8k,"午餐补助,五险一金,人性化管理,地铁附近"
智线云科技（北京）有限公司,ZingFront智线,50-150人,A轮,洪山区,Go 中级工程师,1-3年,本科,10k-15k,带薪年假+福利多+办公环境好+氛围自由开放
智线云科技（北京）有限公司,ZingFront智线,50-150人,A轮,洪山区,高级C++/GO/NLP工程师,3-5年,本科,10k-16k,"带薪年假,福利多,办公环境好,氛围自由"
智线云科技（北京）有限公司,ZingFront智线,50-150人,A轮,洪山区,中级前端工程师,3-5年,本科,10k-15k,"五险一金,补充医疗险,带薪年假,房租补贴"
北京金山云网络技术有限公司,金山云,500-2000人,D轮及以上,江夏区,前端工程师,1-3年,本科,15k-30k,行业前三
智线云科技（北京）有限公司,ZingFront智线,50-150人,A轮,洪山区,全栈|高级工程师,3-5年,本科,10k-18k,"带薪年假,福利多,办公环境好,氛围自由"
智线云科技（北京）有限公司,ZingFront智线,50-150人,A轮,洪山区,资深-游戏研发工程师,1-3年,本科,10k-20k,"带薪年假,福利多,办公环境好,氛围自由"
智线云科技（北京）有限公司,ZingFront智线,50-150人,A轮,洪山区,C++中级工程师,3-5年,本科,10k-15k,"五险一金,带薪年假,房租补贴,补充医疗险"
北京优帆科技有限公司,青云,150-500人,D轮及以上,洪山区,DevOps 研发工程师,3-5年,本科,13k-26k,"大牛团队,成长平台,发展空间"
智线云科技（北京）有限公司,ZingFront智线,50-150人,A轮,洪山区,Unity3D工程师,3-5年,本科,10k-18k,"福利健全,扁平管理,超长年假,奖金丰厚"
智线云科技（北京）有限公司,ZingFront智线,50-150人,A轮,洪山区,高级技术经理,3-5年,本科,10k-20k,丰厚期权 五险一金 补充医疗
智线云科技（北京）有限公司,ZingFront智线,50-150人,A轮,洪山区,高级技术经理/项目经理—Leader全栈能力,1-3年,本科,10k-20k,"五险一金,补充医疗险,带薪年假,节日福利"
智线云科技（北京）有限公司,ZingFront智线,50-150人,A轮,洪山区,JAVA高级研发工程师,3-5年,本科,10k-15k,"六险一金,超长年假,节日福利,发展空间大"
智线云科技（北京）有限公司,ZingFront智线,50-150人,A轮,洪山区,Spider爬虫研发工程师,3-5年,本科,10k-15k,"工作弹性,假期长,有期权,福利好"
智线云科技（北京）有限公司,ZingFront智线,50-150人,A轮,洪山区,客户端-高级工程师-Android/iOS/U3D,3-5年,本科,10k-15k,"弹性作息,技术牛,福利多,年假长"
北京金山云网络技术有限公司,金山云,500-2000人,D轮及以上,东湖新技术开发区,高级测试工程师（武汉）,3-5年,本科,15k-30k,"中国前三,七险一金,包三餐"
智线云科技（北京）有限公司,ZingFront智线,50-150人,A轮,洪山区,资深-算法工程师,3-5年,本科,10k-20k,"带薪年假,福利多,办公环境好,氛围自由"
北京金山云网络技术有限公司,金山云,500-2000人,D轮及以上,江夏区,高级测试工程师（武汉）,3-5年,本科,15k-30k,"中国前三,七险一金,包三餐"
智线云科技（北京）有限公司,ZingFront智线,50-150人,A轮,洪山区,中级-算法工程师,3-5年,本科,10k-18k,"带薪年假,福利多,办公环境好,氛围自由"
智线云科技（北京）有限公司,ZingFront智线,50-150人,A轮,洪山区,PHP中级工程师,3-5年,本科,10k-15k,"五险一金,带薪年假,弹性工作,房租补贴"
北京字节跳动科技有限公司,字节跳动,2000人以上,C轮,洪山区,前端开发Leader,不限,本科,30k-40k,六险一金，高薪期权，弹性工作，带薪休假，扁平管理
武汉安天信息技术有限责任公司,武汉安天,150-500人,未融资,东湖新技术开发区,系统运维工程师,3-5年,本科,8k-12k,"年底13,年终奖,免费班车,弹性工作"
智线云科技（北京）有限公司,ZingFront智线,50-150人,A轮,洪山区,"高级前端工程师(Web/JS, PHP|Java)",3-5年,本科,10k-18k,带薪年假+福利多+办公环境好+氛围自由开放
北京优帆科技有限公司,青云,150-500人,D轮及以上,洪山区,前端工程师（北京/武汉）,3-5年,本科,10k-20k,"技术大牛,不打卡,发展空间,时间弹性"
北京字节跳动科技有限公司,字节跳动,2000人以上,C轮,洪山区,后端开发Leader,不限,本科,25k-40k,六险一金，高薪期权，租房补贴，扁平管理
北京金山云网络技术有限公司,金山云,500-2000人,D轮及以上,东湖新技术开发区,私有云交付/运维工程师（武汉）,3-5年,本科,15k-30k,"免费三餐,行业前三,扁平管理"
北京金山软件有限公司,金山办公软件,2000人以上,上市公司,东湖新技术开发区,运维工程师,3-5年,本科,10k-20k,"六险一金,年终奖金,高额餐补,团队氛围好"
北京金山软件有限公司,金山办公软件,2000人以上,上市公司,东湖新技术开发区,运维开发,3-5年,本科,15k-25k,"六险一金,年终奖金,高额餐补,团队氛围好"
智线云科技（北京）有限公司,ZingFront智线,50-150人,A轮,洪山区,JAVA中级工程师,3-5年,本科,10k-15k,"五险一金,补充医疗险,带薪年假,房租补贴"
武汉安天信息技术有限责任公司,武汉安天,150-500人,未融资,东湖新技术开发区,系统运维主管,5-10年,本科,14k-20k,"五险一金,超长年假,年终奖,员工旅游"
北京金山云网络技术有限公司,金山云,500-2000人,D轮及以上,东湖新技术开发区,私有云运维经理（武汉）,3-5年,本科,15k-30k,"免费三餐,行业前三,扁平管理"
北京金山云网络技术有限公司,金山云,500-2000人,D轮及以上,江夏区,前端自动化测试工程师,3-5年,本科,15k-30k,行业前三
北京优帆科技有限公司,青云,150-500人,D轮及以上,洪山区,高级运维开发工程师,1-3年,本科,10k-20k,"大牛团队,公司上升期,同事超赞"
北京金山云网络技术有限公司,金山云,500-2000人,D轮及以上,东湖新技术开发区,高级测试工程师（武汉）,3-5年,本科,15k-30k,"中国前三,七险一金,包三餐,住房补贴"
北京金山软件有限公司,金山办公软件,2000人以上,上市公司,东湖新技术开发区,测试工程师,3-5年,本科,10k-15k,"六险一金,下午茶,团队氛围好,高额餐补"
北京优帆科技有限公司,青云,150-500人,D轮及以上,洪山区,前端应用开发工程师,3-5年,本科,8k-16k,"技术大牛,成长空间,福利多多,同事超赞"
北京小米科技有限责任公司,小米,2000人以上,D轮及以上,江夏区,搜索页面分析工程师-武汉,3-5年,硕士,15k-30k,"精英团队,弹性工作,发展空间大,丰厚年终奖"
智线云科技（北京）有限公司,ZingFront智线,50-150人,A轮,洪山区,高级PHP工程师,3-5年,本科,10k-18k,"带薪年假,福利多,办公环境好,氛围自由"
湖北华中电力科技开发有限责任公司,华电科技,150-500人,不需要融资,东湖新技术开发区,自动化测试工程师,3-5年,本科,6k-10k,"大平台,待遇好,环境优越,学习机会多"
湖北华中电力科技开发有限责任公司,华电科技,150-500人,不需要融资,武昌区,信息安全工程师,3-5年,本科,6k-10k,"大平台,待遇好,环境优越,培训机会多"
北京字节跳动科技有限公司,字节跳动,2000人以上,C轮,洪山区,前端开发工程师,1-3年,本科,15k-25k,六险一金，弹性工作，免费三餐，租房补贴
武汉斗鱼网络科技有限公司,斗鱼直播,2000人以上,D轮及以上,洪山区,运维开发工程师,3-5年,本科,15k-30k,"知名平台,薪酬待遇佳,发展空间大"
北京优帆科技有限公司,青云,150-500人,D轮及以上,洪山区,高级golang开发工程师,1-3年,本科,10k-16k,"公司前景,发展空间,快速成长,福利多多"
北京阿博茨科技有限公司,阿博茨科技,150-500人,A轮,洪山区,测试实习生,不限,大专,2k-3k,弹性工作
湖北华中电力科技开发有限责任公司,华电科技,150-500人,不需要融资,东湖新技术开发区,视频分析架构师,3-5年,硕士,6k-10k,"大平台,待遇好,环境优越,培训机会多"
武汉烽火普天信息技术有限公司,烽火普天,50-150人,A轮,东湖新技术开发区,高级JAVA开发工程师,3-5年,本科,15k-30k,"大牛带你飞,扁平管理,花样福利"
武汉斗鱼网络科技有限公司,斗鱼直播,2000人以上,D轮及以上,洪山区,IT工程师-网络方向,1-3年,本科,10k-20k,"知名平台,薪酬待遇佳,发展空间大"
湖北百旺金赋科技有限公司,百旺金赋,150-500人,不需要融资,东湖新技术开发区,大数据开发,3-5年,本科,15k-25k,"技术驱动,五险一金,氛围轻松"
智线云科技（北京）有限公司,ZingFront智线,50-150人,A轮,洪山区,NLP 中级工程师,1-3年,本科,10k-12k,带薪年假+福利多+办公环境好+氛围自由开放
武汉斗鱼网络科技有限公司,斗鱼直播,2000人以上,D轮及以上,洪山区,高级\资深算法工程师,3-5年,本科,20k-40k,"行业发展快,公司发展好,个人空间大,福利待遇好"
行吟信息科技（上海）有限公司,小红书,500-2000人,D轮及以上,东湖新技术开发区,后端开发工程师,应届毕业生,本科,10k-20k,"年底多薪,六险一金,平台广阔,发展空间大"
智线云科技（北京）有限公司,ZingFront智线,50-150人,A轮,洪山区,NLP中级工程师,1-3年,本科,10k-12k,"五险一金,带薪年假,房租补贴,节日福利"
行吟信息科技（上海）有限公司,小红书,500-2000人,D轮及以上,东湖新技术开发区,资深测试开发工程师,3-5年,本科,15k-30k,"多薪奖金,三餐福利,六险一金,发展空间大"
智线云科技（北京）有限公司,ZingFront智线,50-150人,A轮,洪山区,Spider运维协议分析工程师,1-3年,大专,5k-8k,"技术驱动,团队氛围好,晋升空间大,六险一金"
武汉智领云科技有限公司,智领云,15-50人,天使轮,东湖新技术开发区,运维工程师,3-5年,本科,8k-15k,"双休,五险一金,股票期权,硅谷团队"
智线云科技（北京）有限公司,ZingFront智线,50-150人,A轮,洪山区,中级-图像算法工程师,3-5年,本科,10k-20k,"带薪年假,福利多,办公环境好,氛围自由"
智线云科技（北京）有限公司,ZingFront智线,50-150人,A轮,洪山区,"中级前端工程师(Web/JS, PHP|Java)",1-3年,本科,8k-15k,带薪年假+福利多+办公环境好+氛围自由开放
智线云科技（北京）有限公司,ZingFront智线,50-150人,A轮,洪山区,"中级前端工程师(Web/JS, PHP|Java)",1-3年,本科,8k-15k,带薪年假+福利多+办公环境好+氛围自由开放
北京深瞐科技有限公司,深瞐科技,50-150人,B轮,江夏区,算法测试工程师,1-3年,本科,7k-13k,五险一金、年终奖金、餐话交补、法定节假日
北京深瞐科技有限公司,深瞐科技,50-150人,B轮,江夏区,高级算法工程师,1-3年,硕士,15k-30k,"五险一金,餐话交补,年终奖金,弹性工作制"
武汉斗鱼网络科技有限公司,斗鱼直播,2000人以上,D轮及以上,洪山区,高级\资深Java开发工程师（大数据方向）,3-5年,本科,16k-32k,"空间大,福利好,发展快,大牛多"
湖北百旺金赋科技有限公司,百旺金赋,150-500人,不需要融资,东湖新技术开发区,数据分析师,1-3年,本科,6k-10k,"双休,五险一金,免费班车"
智线云科技（北京）有限公司,ZingFront智线,50-150人,A轮,洪山区,技术美术,3-5年,本科,15k-25k,"福利健全,超长年假,产品前景好,团队氛围好"
智线云科技（北京）有限公司,ZingFront智线,50-150人,A轮,洪山区,PHP 中级工程师,3-5年,本科,10k-15k,带薪年假+福利多+办公环境好+氛围自由开放
北京深瞐科技有限公司,深瞐科技,50-150人,B轮,江夏区,技术支持工程师/运维工程师,1-3年,大专,5k-8k,五险一金、周末双休、餐话交补
湖北华中电力科技开发有限责任公司,华电科技,150-500人,不需要融资,东湖新技术开发区,大数据架构师,3-5年,硕士,6k-10k,"大平台,待遇好,环境优越,学习机会多"
武汉智领云科技有限公司,智领云,15-50人,天使轮,东湖新技术开发区,大数据分析师,3-5年,本科,10k-20k,"大数据分析,数据挖掘,机器学习,人工智能"
武汉斗鱼网络科技有限公司,斗鱼直播,2000人以上,D轮及以上,洪山区,客户端安全工程师（逆向工程师）,3-5年,本科,10k-20k,"大牛多,福利好"
行吟信息科技（上海）有限公司,小红书,500-2000人,D轮及以上,东湖新技术开发区,客户端测试开发工程师,1-3年,本科,15k-30k,"年底多薪,六险一金,平台广阔,发展空间大"
武汉斗鱼网络科技有限公司,斗鱼直播,2000人以上,D轮及以上,洪山区,算法测试工程师,3-5年,本科,15k-30k,"行业发展快,公司发展好,个人空间大,福利待遇好"
武汉斗鱼网络科技有限公司,斗鱼直播,2000人以上,D轮及以上,洪山区,DBA专家,5-10年,本科,30k-45k,"知名平台,薪酬待遇佳,发展空间大"
北京小米科技有限责任公司,小米,2000人以上,D轮及以上,江夏区,测试工程师,不限,本科,15k-30k,MIOT
武汉斗鱼网络科技有限公司,斗鱼直播,2000人以上,D轮及以上,洪山区,DBA专家,5-10年,本科,30k-45k,"知名平台,薪酬待遇佳,发展空间大"
武汉斗鱼网络科技有限公司,斗鱼直播,2000人以上,D轮及以上,洪山区,IT工程师-系统方向,1-3年,本科,10k-20k,"知名平台,薪酬待遇佳,发展空间大"
北京深瞐科技有限公司,深瞐科技,50-150人,B轮,江夏区,java开发工程师,3-5年,本科,13k-26k,"五险一金,年终奖金,餐话交补,年节福利"
武汉格事化信息技术有限公司,武汉格事化信息技术有...,15-50人,不需要融资,江岸区,汉口片区测试工程师,3-5年,大专,8k-15k,"前景广阔,五险一金,骨干期权"
武汉斗鱼网络科技有限公司,斗鱼直播,2000人以上,D轮及以上,洪山区,前端专家,3-5年,本科,20k-40k,"行业发展快,公司发展好,个人空间大,福利待遇好"
武汉斗鱼网络科技有限公司,斗鱼直播,2000人以上,D轮及以上,洪山区,测试专家,5-10年,本科,15k-30k,"行业前景好,公司发展快,上升通道好,福利待遇好"
贵阳高登世德金融科技有限公司,高登世德金融科技,50-150人,A轮,武昌区,金融量化分析师（武汉）,1-3年,本科,5k-10k,"周末双休,五险一金,专业培训,出国机会"
武汉斗鱼网络科技有限公司,斗鱼直播,2000人以上,D轮及以上,洪山区,资深移动测试工程师\移动测试专家（偏iOS）,3-5年,本科,15k-30k,"行业发展快,公司发展好,个人空间大,福利待遇好"
智线云科技（北京）有限公司,ZingFront智线,50-150人,A轮,洪山区,中级-算法工程师(图像/视觉),1-3年,本科,10k-20k,"带薪年假,福利多,办公环境好,氛围自由"
百川通联（北京）网络技术有限公司,百川通联,50-150人,A轮,洪山区,初级C/C++,1年以下,本科,6k-12k,"双休,五险一金,年终奖"
武汉斗鱼网络科技有限公司,斗鱼直播,2000人以上,D轮及以上,洪山区,系统运维工程师,3-5年,本科,10k-20k,"知名平台,薪酬待遇佳,发展空间大"
北京深瞐科技有限公司,深瞐科技,50-150人,B轮,江夏区,大数据开发,1-3年,本科,18k-36k,五险一金、通讯/午餐补贴、不定期团建
行吟信息科技（上海）有限公司,小红书,500-2000人,D轮及以上,东湖新技术开发区,测试开发工程师,1-3年,本科,15k-25k,"年底多薪,六险一金,平台广阔,发展空间大"
武汉小果科技有限公司,森果,50-150人,天使轮,洪山区,运维/DevOps工程师,1-3年,本科,10k-20k,"技术大牛,团队氛围好,节日福利"
武汉小果科技有限公司,森果,50-150人,天使轮,洪山区,web前端开发,1-3年,本科,7k-14k,"团队靠谱,公司潜力大"
北京优帆科技有限公司,青云,150-500人,D轮及以上,洪山区,前端工程师,不限,本科,10k-20k,"时间弹性,发展机遇,大牛团队,工程师文化"
智线云科技（北京）有限公司,ZingFront智线,50-150人,A轮,洪山区,爬虫方向-项目经理,3-5年,本科,11k-22k,"前沿技术,产品好,福利健全,管理团队"
武汉唯理科技有限公司,唯理科技,15-50人,不需要融资,东湖新技术开发区,CV-图像识别工程师,1-3年,硕士,15k-20k,"技术新,学习氛围好,与高校合作"
行吟信息科技（上海）有限公司,小红书,500-2000人,D轮及以上,东湖新技术开发区,前端开发工程师,应届毕业生,本科,10k-20k,"年底多薪,六险一金,平台广阔,发展空间大"
武汉斗鱼网络科技有限公司,斗鱼直播,2000人以上,D轮及以上,洪山区,资深数据分析工程师\数据分析专家,5-10年,本科,15k-30k,"行业发展快,公司发展好,个人空间大,福利待遇好"
北京深瞐科技有限公司,深瞐科技,50-150人,B轮,江夏区,自动化测试,1-3年,本科,10k-20k,五险一金、餐话交补、节假日福利
武汉斗鱼网络科技有限公司,斗鱼直播,2000人以上,D轮及以上,洪山区,竞品分析师,1-3年,本科,6k-12k,"六险一金,水果下午茶"
北京优帆科技有限公司,青云,150-500人,D轮及以上,洪山区,开源项目前端开发工程师,1-3年,本科,9k-18k,"技术大牛,福利多度,同事超赞"
行吟信息科技（上海）有限公司,小红书,500-2000人,D轮及以上,东湖新技术开发区,Java高级工程师,3-5年,本科,15k-30k,"多薪奖金,三餐福利,六险一金,发展空间大"
行吟信息科技（上海）有限公司,小红书,500-2000人,D轮及以上,东湖新技术开发区,前端开发工程师（2019校招）,应届毕业生,本科,10k-15k,"年底多薪,六险一金,租房补贴,发展空间大"
武汉斗鱼网络科技有限公司,斗鱼直播,2000人以上,D轮及以上,洪山区,高级\资深CDN测试开发工程师,3-5年,本科,15k-25k,"行业发展快,公司前景好,个人空间大,福利待遇好"
武汉斗鱼网络科技有限公司,斗鱼直播,2000人以上,D轮及以上,洪山区,数据分析（二次元）,不限,不限,5k-10k,"双休,业务发展好,互联网氛围,二次元"
北京小米科技有限责任公司,小米,2000人以上,D轮及以上,江夏区,大数据算法工程师,1-3年,硕士,18k-35k,"五险一金,餐补,年终奖,人工智能"
北京深瞐科技有限公司,深瞐科技,50-150人,B轮,江夏区,应用软件开发经理,5-10年,本科,20k-40k,"年终奖金,五险一金,法定节假日,交话餐补"
智线云科技（北京）有限公司,ZingFront智线,50-150人,A轮,洪山区,Java 中级工程师,1-3年,本科,10k-15k,带薪年假+福利多+办公环境好+氛围自由开放
武汉小果科技有限公司,森果,50-150人,天使轮,洪山区,Web测试工程师,不限,本科,6k-10k,"技术大牛,团队氛围好"
北京小米科技有限责任公司,小米,2000人以上,D轮及以上,江夏区,搜索爬虫工程师—搜索与推荐,不限,本科,15k-25k,"五险一金,餐补,年终奖,人工智能"
武汉斗鱼网络科技有限公司,斗鱼直播,2000人以上,D轮及以上,洪山区,数据分析师,3-5年,本科,8k-16k,"大平台,发展好"
武汉斗鱼网络科技有限公司,斗鱼直播,2000人以上,D轮及以上,洪山区,数据分析师,1-3年,本科,6k-12k,"水果下午茶,六险一金"
北京小米科技有限责任公司,小米,2000人以上,D轮及以上,江夏区,NLP工程师 — 小爱同学,1-3年,本科,15k-30k,"五险一金,餐补,年终奖,人工智能"
